time,latitude,longitude,depth,mag,nst,gap,dmin,rms,updated,place,type,horizontalError,depthError,magError,magNst
2024-12-31T18:52:07.239Z,24.3008,121.7217,25.648,3.9,48,55,0.172,0.73,2024-12-31T20:20:57.040Z,"37 km NNE of Hualien City, Taiwan",earthquake,1.63,4.704,0.062,25
2024-12-29T19:51:35.909Z,23.5333,120.6525,20.064,4.7,66,64,0.233,0.83,2024-12-30T06:53:03.127Z,"21 km ENE of Pizitou, Taiwan",earthquake,3.24,5.246,0.079,49
2024-12-29T15:22:08.172Z,23.398,121.8325,10,4.5,25,101,0.492,0.84,2024-12-29T20:47:00.096Z,"68 km SSE of Hualien City, Taiwan",earthquake,4.25,1.914,0.15,13
2024-12-26T08:08:50.808Z,23.8875,121.7688,25.893,4.7,58,70,0.326,0.67,2024-12-29T20:13:03.387Z,"19 km ESE of Hualien City, Taiwan",earthquake,3.24,4.898,0.062,25
2024-12-11T20:05:49.112Z,23.9428,121.7884,25.893,4.1,60,69,0.29,0.73,2024-12-11T21:02:32.040Z,"19 km ESE of Hualien City, Taiwan",earthquake,3.52,2.787,0.065,23
2024-12-07T07:48:28.472Z,23.9242,122.2719,16.258,4.9,73,73,0.667,0.72,2024-12-25T07:21:35.040Z,"68 km E of Hualien City, Taiwan",earthquake,4.12,4.816,0.079,50
2024-11-27T15:32:24.165Z,24.0475,121.7131,45.962,4.6,97,67,0.691,0.81,2024-12-17T23:56:04.214Z,"13 km NE of Hualien City, Taiwan",earthquake,2.36,6.02,0.063,24
2024-11-23T17:19:10.668Z,23.7281,121.3866,10.21,4.1,58,81,0.344,0.64,2024-12-18T17:17:13.040Z,"35 km SW of Hualien City, Taiwan",earthquake,1.65,4.045,0.08,15
2024-11-22T12:40:19.019Z,23.1252,120.2224,10,4.9,68,36,0.413,0.71,2024-12-13T03:33:26.850Z,"11 km NNW of Yongkang, Taiwan",earthquake,4.4,1.843,0.068,21
2024-11-18T13:27:25.082Z,24.1273,121.6989,25.91,4.1,54,73,0.615,0.6,2024-12-29T15:23:44.040Z,"19 km NNE of Hualien City, Taiwan",earthquake,4.23,3.757,0.078,16
2024-11-14T02:38:16.293Z,23.8553,121.676,27.476,4.6,160,55,0.577,0.76,2024-12-08T00:44:25.734Z,"15 km SSE of Hualien City, Taiwan",earthquake,3.23,4.517,0.073,18
2024-11-06T17:19:38.341Z,23.4997,121.6609,25.108,5,103,37,0.864,0.71,2025-01-03T19:18:50.040Z,"53 km S of Hualien City, Taiwan",earthquake,4.17,3.485,0.075,17
2024-11-05T18:08:26.179Z,24.0814,121.8846,28.625,4,35,66,0.747,0.78,2024-12-02T21:20:07.040Z,"30 km ENE of Hualien City, Taiwan",earthquake,3.48,4.346,0.086,13
2024-10-31T16:18:16.748Z,23.5198,121.6159,14.486,4.8,59,46,0.855,0.92,2024-12-07T16:40:08.040Z,"50 km S of Hualien City, Taiwan",earthquake,3.9,4.064,0.078,16
2024-10-27T10:21:45.264Z,23.9825,121.6566,31.216,4.7,65,47,0.198,1.09,2024-12-28T03:25:52.040Z,"5 km E of Hualien City, Taiwan",earthquake,3.49,4.347,0.068,21
2024-10-27T06:56:54.954Z,23.3906,120.4472,10,4.2,34,97,0.19,1.06,2024-11-20T09:39:08.546Z,"10 km S of Pizitou, Taiwan",earthquake,5.49,1.873,0.073,18
2024-10-27T06:28:47.701Z,23.3817,120.5293,10,4,22,126,0.123,0.67,2024-12-01T06:14:35.040Z,"14 km SE of Pizitou, Taiwan",earthquake,3.04,1.714,0.083,14
2024-10-27T06:19:12.922Z,23.4173,120.4336,10,4.3,39,99,0.214,1.15,2024-11-20T09:36:17.172Z,"7 km S of Pizitou, Taiwan",earthquake,3.93,1.862,0.068,21
2024-10-22T22:02:10.213Z,22.0209,121.4705,10,4.5,32,117,0.871,1.07,2024-11-20T22:47:26.904Z,"75 km E of Hengchun, Taiwan",earthquake,5.65,1.925,0.135,16
2024-10-16T13:58:21.064Z,24.0195,121.6565,35,4.8,153,30,0.164,0.52,2024-12-26T23:03:47.040Z,"7 km NE of Hualien City, Taiwan",earthquake,3.82,1.84,0.063,24
2024-10-14T13:17:15.039Z,24.1213,121.8502,33.588,4.3,153,46,0.239,0.64,2024-12-26T23:03:50.040Z,"29 km ENE of Hualien City, Taiwan",earthquake,3.52,3.805,0.069,20
2024-10-13T11:36:32.028Z,23.9747,121.61,22.54,4.3,66,69,0.199,0.75,2024-12-23T15:47:21.040Z,"0 km ESE of Hualien City, Taiwan",earthquake,3.11,1.697,0.061,26
2024-10-11T12:52:08.730Z,23.679,121.5031,9.336,4.1,39,88,0.342,0.58,2024-12-23T15:46:50.040Z,"34 km SSW of Hualien City, Taiwan",earthquake,2.1,3.989,0.066,22
2024-10-10T12:40:50.399Z,23.7522,121.5063,24.295,4.1,42,87,0.406,0.85,2024-12-23T15:46:35.040Z,"26 km SSW of Hualien City, Taiwan",earthquake,4.16,5.338,0.086,13
2024-10-08T16:14:18.920Z,24.0126,121.6717,34.296,4.4,40,50,0.175,0.67,2024-12-23T15:47:43.040Z,"7 km ENE of Hualien City, Taiwan",earthquake,3.07,5.662,0.112,23
2024-10-06T04:42:01.894Z,22.0766,121.7127,122.708,4.1,19,150,0.942,1.08,2024-12-14T14:51:37.040Z,"100 km E of Hengchun, Taiwan",earthquake,8.21,6.922,0.185,9
2024-09-21T10:51:09.004Z,24.2143,121.6895,31.621,4.8,79,63,0.096,0.86,2024-11-23T23:26:34.040Z,"27 km NNE of Hualien City, Taiwan",earthquake,4.86,1.005,0.061,26
2024-09-18T17:10:14.477Z,24.0098,121.5283,22.483,4.1,69,79,0.65,0.62,2024-11-23T23:25:54.040Z,"8 km WNW of Hualien City, Taiwan",earthquake,3.69,5.642,0.066,22
2024-09-13T04:59:33.102Z,23.8984,121.7266,24.725,4.3,51,78,0.639,0.66,2024-11-21T22:58:56.040Z,"15 km SE of Hualien City, Taiwan",earthquake,3.79,4.209,0.073,18
2024-09-12T03:28:14.746Z,23.9004,122.134,46.059,3.9,35,81,0.919,0.71,2024-11-21T22:58:53.040Z,"54 km E of Hualien City, Taiwan",earthquake,4.13,6.232,0.08,15
2024-09-11T21:15:49.227Z,24.1544,122.1415,40.537,4.3,48,65,0.852,0.8,2024-11-21T22:58:55.040Z,"58 km ENE of Hualien City, Taiwan",earthquake,4.16,6.503,0.078,16
2024-09-11T13:41:10.068Z,23.8207,121.6667,45.444,4.5,71,71,0.545,0.49,2024-11-21T22:58:55.040Z,"18 km SSE of Hualien City, Taiwan",earthquake,4.99,6.781,0.073,18
2024-09-09T13:18:56.926Z,22.4765,121.8187,10,4.4,27,97,0.762,0.59,2024-11-21T22:58:52.040Z,"122 km ENE of Hengchun, Taiwan",earthquake,3.04,1.758,0.169,11
2024-09-07T05:16:51.044Z,23.9108,121.7254,24.963,4.9,94,69,0.288,0.68,2024-11-15T16:20:02.040Z,"14 km ESE of Hualien City, Taiwan",earthquake,2.93,4.495,0.083,14
2024-09-06T21:28:02.517Z,24.2308,121.8129,56.799,4.3,32,77,0.207,0.66,2024-11-15T16:20:12.040Z,"35 km NE of Hualien City, Taiwan",earthquake,4.23,5.214,0.129,17
2024-09-02T08:26:25.393Z,23.861,121.669,37.627,5,89,71,0.319,0.64,2024-11-15T16:19:47.040Z,"14 km SSE of Hualien City, Taiwan",earthquake,4.43,5.209,0.086,13
2024-08-31T18:21:42.072Z,23.8035,121.6994,24.514,4.5,151,31,0.381,0.87,2024-11-09T21:18:57.040Z,"21 km SSE of Hualien City, Taiwan",earthquake,2.7,4.063,0.066,22
2024-08-28T20:14:52.391Z,24.119,121.6682,31.313,4.4,87,64,0.087,0.7,2024-11-09T21:18:37.040Z,"17 km NNE of Hualien City, Taiwan",earthquake,4.35,4.238,0.06,27
2024-08-26T15:28:51.797Z,24.149,122.2875,23.568,4.3,45,42,0.633,0.79,2024-11-09T21:18:23.040Z,"72 km ENE of Hualien City, Taiwan",earthquake,3.71,4.488,0.06,27
2024-08-22T07:37:39.798Z,23.9621,122.2974,24.054,4,25,73,0.676,0.54,2024-11-02T21:28:45.040Z,"70 km E of Hualien City, Taiwan",earthquake,2.83,6.024,0.071,19
2024-08-20T18:53:10.909Z,24.1564,121.8591,10,4.2,35,72,0.242,0.6,2024-11-02T21:28:32.040Z,"32 km NE of Hualien City, Taiwan",earthquake,1.52,1.884,0.071,19
2024-08-17T13:10:11.661Z,24.39,121.9264,10,4.7,43,43,0.371,0.64,2024-10-26T15:49:15.040Z,"44 km SSE of Yilan, Taiwan",earthquake,2.78,1.53,0.11,8
2024-08-16T22:19:28.627Z,23.8229,121.5016,18.529,4.3,78,71,0.36,0.6,2024-10-26T15:49:05.040Z,"20 km SSW of Hualien City, Taiwan",earthquake,3.06,1.893,0.06,27
2024-08-16T20:41:27.477Z,23.7699,121.6902,17.703,4,31,65,0.411,0.63,2024-10-26T15:49:04.040Z,"24 km SSE of Hualien City, Taiwan",earthquake,1.82,4.314,0.086,13
2024-08-15T23:40:28.452Z,23.7078,121.8622,10,4.7,24,99,0.525,0.84,2024-10-26T15:48:16.040Z,"39 km SE of Hualien City, Taiwan",earthquake,2.7,1.323,0.159,12
2024-08-15T23:35:53.943Z,23.7491,121.7669,14,6.1,146,17,0.451,0.61,2024-10-26T15:48:52.040Z,"30 km SSE of Hualien City, Taiwan",earthquake,3.34,1.036,0.045,48
2024-08-15T09:33:04.654Z,24.4105,121.881,11.962,4.5,44,57,0.352,0.98,2024-10-26T15:48:39.040Z,"40 km SSE of Yilan, Taiwan",earthquake,3.11,1.262,0.119,21
2024-08-15T09:06:45.671Z,24.3711,121.9259,11.548,5.4,110,34,0.36,0.78,2024-10-26T15:48:39.040Z,"46 km SSE of Yilan, Taiwan",earthquake,4.54,2.838,0.065,23
2024-08-14T11:22:56.440Z,23.1907,122.0335,11.979,4.3,20,104,0.706,0.94,2024-10-26T15:47:51.040Z,"97 km SSE of Hualien City, Taiwan",earthquake,2.83,5.342,0.202,7
2024-08-08T09:36:17.554Z,24.0295,121.6772,30.743,4.4,34,79,0.162,0.75,2024-10-24T17:58:23.040Z,"9 km NE of Hualien City, Taiwan",earthquake,3.45,5.539,0.123,19
2024-07-26T13:49:09.949Z,22.8139,120.6606,20.413,4,53,135,0.387,0.77,2024-10-08T21:49:12.005Z,"40 km SSE of Yujing, Taiwan",earthquake,2.89,5.016,0.098,10
2024-07-26T08:20:53.988Z,24.0175,121.9321,31.153,4,25,83,0.345,0.88,2024-10-08T21:49:14.005Z,"33 km E of Hualien City, Taiwan",earthquake,4.78,5.898,0.08,15
2024-07-26T02:23:59.260Z,24.0747,121.6687,41.748,4.3,44,71,0.12,0.93,2024-10-08T21:49:12.005Z,"12 km NNE of Hualien City, Taiwan",earthquake,4.94,4.728,0.086,13
2024-07-23T21:35:59.373Z,23.7735,122.0035,41.574,4.2,40,84,0.546,0.64,2024-10-08T21:49:10.005Z,"46 km ESE of Hualien City, Taiwan",earthquake,2.27,6.34,0.083,14
2024-07-17T08:53:38.302Z,24.2916,121.728,21.751,4.4,52,62,0.169,0.76,2024-09-28T22:42:09.040Z,"37 km NNE of Hualien City, Taiwan",earthquake,4.17,4.486,0.062,25
2024-07-12T18:51:13.352Z,23.9491,121.7636,23.581,3.9,63,81,0.272,0.59,2024-09-20T16:00:55.040Z,"16 km E of Hualien City, Taiwan",earthquake,2.34,3.528,0.059,28
2024-07-10T19:54:40.217Z,24.1654,121.7364,28.866,4.1,73,64,0.13,0.74,2024-09-20T16:00:53.040Z,"24 km NNE of Hualien City, Taiwan",earthquake,2.76,4.709,0.065,23
2024-07-08T21:50:37.975Z,22.021,121.3185,14.351,4.2,22,150,0.823,0.89,2024-09-20T16:00:52.040Z,"59 km E of Hengchun, Taiwan",earthquake,5.9,4.294,0.199,7
2024-06-28T08:42:35.326Z,23.3935,122.2366,10,4.8,33,104,0.863,1.11,2024-09-04T21:57:43.040Z,"91 km SE of Hualien City, Taiwan",earthquake,2.58,1.882,0.086,42
2024-06-24T00:40:43.643Z,24.0811,121.7349,5.181,4.1,19,123,0.158,0.56,2024-09-04T21:57:39.040Z,"17 km NE of Hualien City, Taiwan",earthquake,1.8,5.355,0.08,15
2024-06-23T14:27:09.391Z,23.7895,121.6388,24.293,5,81,56,0.385,0.91,2024-08-30T18:17:06.040Z,"21 km S of Hualien City, Taiwan",earthquake,4.14,4.018,0.078,16
2024-06-21T07:57:56.687Z,23.8777,121.6851,40.156,4.2,27,82,0.306,0.95,2024-08-30T18:17:07.040Z,"13 km SE of Hualien City, Taiwan",earthquake,2.76,5.162,0.159,11
2024-06-21T04:25:56.187Z,23.4848,121.5957,36.913,4,45,79,0.289,0.97,2024-08-30T18:17:07.040Z,"54 km S of Hualien City, Taiwan",earthquake,3.53,3.319,0.071,19
2024-06-18T03:46:57.198Z,24.1117,121.7618,18.145,4.4,63,66,0.165,0.51,2024-08-30T18:17:09.040Z,"21 km NE of Hualien City, Taiwan",earthquake,1.87,3.877,0.083,14
2024-06-12T23:37:51.778Z,23.9049,121.6929,39.912,3.8,19,109,0.282,0.54,2024-08-23T18:02:17.040Z,"12 km SE of Hualien City, Taiwan",earthquake,3.24,4.453,0.073,18
2024-06-11T21:51:32.947Z,23.7623,121.6245,31.257,4.4,77,73,0.411,0.7,2024-08-23T18:03:26.040Z,"23 km S of Hualien City, Taiwan",earthquake,3.1,4.77,0.069,20
2024-06-06T15:51:16.835Z,24.1593,121.7057,38.506,4.1,57,79,0.102,0.85,2024-08-16T21:59:25.040Z,"22 km NNE of Hualien City, Taiwan",earthquake,4.3,1.996,0.06,27
2024-06-05T06:46:06.680Z,23.5778,121.6448,19.933,3.9,32,91,0.369,0.49,2024-08-16T21:59:25.040Z,"44 km S of Hualien City, Taiwan",earthquake,2.41,4.927,0.083,14
2024-06-05T04:23:38.755Z,23.9827,122.3035,23.9,4.1,53,83,0.675,0.66,2024-08-16T21:59:25.040Z,"71 km E of Hualien City, Taiwan",earthquake,1.71,4.669,0.065,23
2024-06-02T01:28:36.309Z,23.7697,121.676,10,4.5,32,69,0.512,1.13,2024-08-06T20:32:53.040Z,"24 km SSE of Hualien City, Taiwan",earthquake,3.41,1.861,0.127,20
2024-06-02T01:27:23.706Z,23.7136,121.6602,10,5,64,83,0.462,0.73,2024-08-06T20:32:50.040Z,"29 km S of Hualien City, Taiwan",earthquake,3.36,1.878,0.053,115
2024-06-01T00:32:39.430Z,24.3927,122.0524,26.992,4.5,100,58,0.675,0.55,2024-08-06T20:32:49.040Z,"50 km SE of Yilan, Taiwan",earthquake,2.04,5.084,0.062,25
2024-05-31T17:10:59.107Z,24.0165,121.5423,25.304,5.2,169,28,0.585,0.63,2024-08-15T09:26:38.003Z,"7 km NW of Hualien City, Taiwan",earthquake,3.55,3.541,0.086,13
2024-05-30T15:52:17.056Z,23.9164,121.7088,39.396,4.3,60,70,0.644,0.94,2024-08-06T20:32:48.040Z,"12 km ESE of Hualien City, Taiwan",earthquake,3.3,6.482,0.066,22
2024-05-30T12:09:50.310Z,24.1257,121.6918,36.995,4.4,46,65,0.613,0.6,2024-08-06T20:32:48.040Z,"18 km NNE of Hualien City, Taiwan",earthquake,2.91,7.789,0.109,24
2024-05-30T01:11:38.942Z,24.1663,121.6683,31.898,4.8,95,64,0.567,0.69,2024-08-06T20:32:48.040Z,"21 km NNE of Hualien City, Taiwan",earthquake,3.03,4.66,0.11,8
2024-05-29T23:54:44.796Z,23.9455,121.7968,26.427,4.6,151,65,0.716,0.56,2024-08-06T20:32:48.040Z,"19 km E of Hualien City, Taiwan",earthquake,3.41,4.444,0.066,22
2024-05-29T02:41:51.152Z,24.137,121.6623,35.479,3.9,47,79,0.591,0.65,2024-08-06T20:32:47.040Z,"18 km NNE of Hualien City, Taiwan",earthquake,3.31,3.418,0.073,18
2024-05-27T21:48:49.558Z,24.4388,121.8892,26.622,3.8,32,72,0.521,0.56,2024-08-06T20:32:51.040Z,"37 km SSE of Yilan, Taiwan",earthquake,4.76,6.184,0.089,12
2024-05-25T03:48:43.791Z,24.1751,121.7083,29.484,3.9,38,118,0.578,0.75,2024-08-06T02:10:00.040Z,"24 km NNE of Hualien City, Taiwan",earthquake,3.56,5.959,0.073,18
2024-05-24T17:07:12.173Z,24.1915,121.7115,35.281,4.6,119,47,0.566,0.63,2024-08-06T02:09:55.040Z,"26 km NNE of Hualien City, Taiwan",earthquake,3.28,4.898,0.06,27
2024-05-24T17:06:38.129Z,24.1582,121.7124,23.869,4.4,91,49,0.594,0.74,2024-08-06T02:10:02.040Z,"22 km NNE of Hualien City, Taiwan",earthquake,1.72,4.913,0.065,76
2024-05-24T03:10:04.219Z,24.3037,122.0628,15.396,4.1,25,61,0.724,1.04,2024-08-06T02:10:06.040Z,"58 km NE of Hualien City, Taiwan",earthquake,3.45,0.977,0.069,20
2024-05-23T13:59:28.842Z,23.9182,121.2827,10,3.9,32,80,0.328,0.9,2024-08-06T02:10:12.040Z,"32 km E of Puli, Taiwan",earthquake,3.04,1.461,0.075,17
2024-05-22T08:00:40.725Z,23.7696,121.7699,10,5.2,87,73,0.433,0.82,2024-08-06T02:10:10.040Z,"28 km SE of Hualien City, Taiwan",earthquake,2.22,1.818,0.068,21
2024-05-20T09:20:15.225Z,24.1511,121.8509,26.828,4.2,49,64,0.674,0.78,2024-08-06T02:10:02.040Z,"31 km NE of Hualien City, Taiwan",earthquake,2.17,5.238,0.062,25
2024-05-20T07:56:03.284Z,23.9269,122.37,35.793,4.4,102,73,0.795,0.78,2024-08-06T02:09:54.040Z,"78 km E of Hualien City, Taiwan",earthquake,1.92,7.25,0.068,21
2024-05-19T02:55:20.660Z,24.1471,121.7705,26.835,4.3,27,79,0.632,0.86,2024-07-26T23:58:12.040Z,"25 km NE of Hualien City, Taiwan",earthquake,3.26,0.798,0.161,11
2024-05-18T18:00:29.082Z,23.7554,121.817,18.004,4.2,58,58,0.598,0.77,2024-07-26T23:58:12.040Z,"32 km SE of Hualien City, Taiwan",earthquake,2.84,3.659,0.065,23
2024-05-17T03:49:55.961Z,23.8911,121.6681,41.225,4.3,49,82,0.602,1.08,2024-07-26T23:58:10.040Z,"11 km SE of Hualien City, Taiwan",earthquake,4.15,6.861,0.071,19
2024-05-14T02:34:14.732Z,23.9965,121.7128,22.663,4.2,55,67,0.712,0.69,2024-07-26T23:58:08.040Z,"11 km E of Hualien City, Taiwan",earthquake,3.47,5.103,0.063,24
2024-05-13T23:23:00.719Z,23.9303,122.3805,35,4,16,152,0.786,0.52,2024-07-26T23:58:08.040Z,"79 km E of Hualien City, Taiwan",earthquake,2.81,1.965,0.299,3
2024-05-11T19:07:32.741Z,24.2097,121.6771,34.809,4.2,52,63,0.534,0.86,2024-07-20T22:20:07.040Z,"26 km NNE of Hualien City, Taiwan",earthquake,2.43,4.981,0.06,27
2024-05-11T11:09:18.034Z,23.9078,121.6257,10.101,4.1,43,84,0.595,0.75,2024-07-20T22:20:07.040Z,"7 km SSE of Hualien City, Taiwan",earthquake,2.65,3.926,0.062,25
2024-05-11T09:44:39.122Z,23.9873,121.7701,28.929,4.4,65,81,0.734,0.91,2024-07-20T22:20:07.040Z,"16 km E of Hualien City, Taiwan",earthquake,1.64,4.766,0.075,17
2024-05-11T05:16:02.695Z,23.8488,121.6454,14.668,4.6,73,71,0.555,0.45,2024-07-20T22:20:07.040Z,"14 km SSE of Hualien City, Taiwan",earthquake,3.14,4.439,0.086,13
2024-05-10T07:49:28.759Z,24.2253,121.9344,5.628,4.8,34,79,0.674,0.63,2024-07-20T22:20:05.040Z,"43 km NE of Hualien City, Taiwan",earthquake,2.65,2.787,0.124,20
2024-05-10T07:45:18.196Z,24.1885,121.9049,11.296,5.8,103,27,0.68,0.77,2024-10-09T09:33:12.897Z,"38 km NE of Hualien City, Taiwan",earthquake,4.6,3.421,0.054,33
2024-05-10T01:37:22.512Z,23.8075,121.6737,8.863,4.6,47,101,0.538,1.01,2024-07-20T22:20:05.040Z,"20 km SSE of Hualien City, Taiwan",earthquake,3.86,4.57,0.086,13
2024-05-10T01:35:38.361Z,23.6582,121.6748,10,4.7,68,63,0.436,0.95,2024-07-20T22:20:05.040Z,"36 km SSE of Hualien City, Taiwan",earthquake,3.8,1.828,0.089,12
2024-05-09T12:36:25.304Z,23.8467,121.6675,14.121,4.1,44,83,0.566,0.65,2024-07-20T22:20:04.040Z,"15 km SSE of Hualien City, Taiwan",earthquake,2.85,4.344,0.075,17
2024-05-08T08:40:44.191Z,23.6431,121.6451,15.673,4.9,48,90,0.405,1.07,2024-07-20T22:20:02.040Z,"37 km S of Hualien City, Taiwan",earthquake,4.54,4.825,0.088,40
2024-05-07T12:48:42.011Z,23.7183,121.5536,21.403,4.2,79,73,0.401,0.66,2024-07-20T22:20:02.040Z,"29 km S of Hualien City, Taiwan",earthquake,1.55,4.583,0.065,23
2024-05-06T18:10:40.930Z,24.176,121.8987,12.748,4.2,37,79,0.685,0.63,2024-07-20T22:20:01.040Z,"37 km NE of Hualien City, Taiwan",earthquake,2.78,4.797,0.063,24
2024-05-06T09:52:45.587Z,23.7307,121.5574,28.949,5.2,124,35,0.413,0.97,2024-10-09T07:34:39.713Z,"27 km S of Hualien City, Taiwan",earthquake,3.48,3.197,0.089,12
2024-05-06T09:45:30.649Z,23.7213,121.5958,23.605,5.6,121,35,0.427,0.84,2024-10-09T05:42:06.472Z,"28 km S of Hualien City, Taiwan",earthquake,4.42,1.268,0.065,23
2024-05-02T08:36:50.206Z,23.9374,122.3485,27.061,4,19,88,0.803,0.93,2024-07-15T03:58:25.040Z,"75 km E of Hualien City, Taiwan",earthquake,4.05,2.71,0.089,12
2024-05-02T02:07:27.035Z,22.4411,121.5233,9.233,4.8,99,80,0.555,0.78,2024-07-15T03:58:31.040Z,"93 km ENE of Hengchun, Taiwan",earthquake,4.96,3.977,0.103,9
2024-04-30T13:58:06.406Z,23.7022,121.525,16.961,4.7,39,88,0.373,0.67,2024-07-15T03:58:45.040Z,"31 km SSW of Hualien City, Taiwan",earthquake,2.96,4.414,0.114,25
2024-04-30T09:35:30.575Z,23.7767,121.258,6.764,4.1,54,71,0.279,0.52,2024-07-15T03:58:47.040Z,"36 km SE of Puli, Taiwan",earthquake,4.77,4.993,0.086,13
2024-04-30T04:07:48.359Z,24.1504,121.6864,37.744,4.4,40,79,0.589,0.69,2024-07-15T03:58:49.040Z,"20 km NNE of Hualien City, Taiwan",earthquake,3.05,8.597,0.107,25
2024-04-29T16:21:46.288Z,24.0661,121.6656,24.534,4.2,63,78,0.656,0.79,2024-07-15T03:58:54.040Z,"11 km NNE of Hualien City, Taiwan",earthquake,3.17,4.627,0.06,27
2024-04-28T17:40:21.212Z,24.1161,121.6919,39.701,4.4,49,73,0.622,0.66,2024-07-02T22:12:37.040Z,"17 km NNE of Hualien City, Taiwan",earthquake,2.5,6.271,0.06,27
2024-04-28T08:13:49.168Z,24.2036,121.6777,35.668,4.1,37,62,0.539,0.56,2024-07-02T22:12:52.040Z,"26 km NNE of Hualien City, Taiwan",earthquake,3.66,6.571,0.063,24
2024-04-27T20:30:16.852Z,23.8869,121.5109,10,3.9,31,81,0.519,0.67,2024-07-02T22:12:57.040Z,"13 km SW of Hualien City, Taiwan",earthquake,1.89,1.861,0.071,19
2024-04-27T01:06:26.880Z,24.1699,121.6816,21.52,4.3,44,78,0.57,0.68,2024-07-02T22:12:43.040Z,"22 km NNE of Hualien City, Taiwan",earthquake,2.28,5.451,0.109,24
2024-04-26T20:08:15.447Z,24.0607,122.0059,24.687,4.5,83,75,0.835,0.62,2024-07-02T22:12:31.040Z,"41 km ENE of Hualien City, Taiwan",earthquake,1.03,4.752,0.062,25
2024-04-26T19:13:27.955Z,24.1588,121.6576,37.109,4.4,110,33,0.57,0.56,2024-07-02T22:12:36.040Z,"20 km NNE of Hualien City, Taiwan",earthquake,3.27,5.619,0.06,27
2024-04-26T18:49:29.534Z,24.2394,121.6724,40.475,5.2,252,21,0.506,0.76,2024-07-02T22:12:13.040Z,"29 km NNE of Hualien City, Taiwan",earthquake,3.43,3.036,0.063,24
2024-04-26T18:45:04.404Z,24.1703,121.644,37.936,4.3,88,48,0.554,0.59,2024-07-02T22:12:43.040Z,"21 km N of Hualien City, Taiwan",earthquake,3.29,7.126,0.07,65
2024-04-26T18:21:23.639Z,24.1531,121.6724,37.767,5.7,259,22,0.581,0.54,2024-10-09T09:25:18.674Z,"20 km NNE of Hualien City, Taiwan",earthquake,3.55,3.34,0.05,38
2024-04-26T12:28:12.818Z,23.7816,121.5626,10,4.6,54,81,0.458,1.08,2024-07-02T22:12:25.040Z,"22 km S of Hualien City, Taiwan",earthquake,3.26,1.858,0.078,16
2024-04-25T09:03:31.890Z,23.8904,121.7748,27.492,4.3,38,49,0.661,0.6,2024-07-02T22:12:46.040Z,"19 km ESE of Hualien City, Taiwan",earthquake,2.36,5.417,0.129,17
2024-04-25T01:23:20.163Z,23.8115,121.6576,10,4.2,96,80,0.532,0.64,2024-07-02T22:12:48.040Z,"19 km SSE of Hualien City, Taiwan",earthquake,3.03,1.808,0.093,11
2024-04-25T00:48:19.664Z,23.6549,121.6154,23.538,4.2,16,137,0.392,1,2024-07-02T22:12:50.040Z,"35 km S of Hualien City, Taiwan",earthquake,3.15,5.834,0.235,5
2024-04-25T00:19:12.973Z,23.6536,121.6402,10.888,4.6,66,47,0.408,0.8,2024-07-02T22:12:26.040Z,"35 km S of Hualien City, Taiwan",earthquake,2.53,4.256,0.087,40
2024-04-24T23:53:33.982Z,23.8965,121.6256,13.362,4,43,84,0.585,0.56,2024-07-02T22:12:55.040Z,"9 km SSE of Hualien City, Taiwan",earthquake,1.76,4.247,0.066,22
2024-04-24T19:19:33.585Z,23.9458,122.2905,19.123,4.2,35,149,0.838,0.57,2024-07-02T22:12:50.040Z,"69 km E of Hualien City, Taiwan",earthquake,2.71,4.597,0.147,13
2024-04-24T18:12:16.908Z,24.0007,122.2704,27.095,5.3,98,70,0.82,0.93,2024-07-02T22:12:13.040Z,"67 km E of Hualien City, Taiwan",earthquake,6.36,2.538,0.065,79
2024-04-24T18:11:56.126Z,23.9696,122.2944,35.376,5.1,178,50,0.821,0.7,2024-07-02T22:12:15.040Z,"70 km E of Hualien City, Taiwan",earthquake,1.75,4.403,0.066,22
2024-04-24T17:06:49.644Z,23.9331,122.3285,29.786,4.3,27,60,0.819,0.52,2024-07-02T22:12:45.040Z,"73 km E of Hualien City, Taiwan",earthquake,1.96,5.549,0.177,9
2024-04-24T16:59:57.074Z,23.9321,122.3632,25.284,4.6,83,90,0.796,0.75,2024-07-02T22:12:25.040Z,"77 km E of Hualien City, Taiwan",earthquake,3.59,4.903,0.063,24
2024-04-24T07:30:53.251Z,23.7499,121.5972,15.421,4.9,58,45,0.45,0.88,2024-07-02T22:12:18.040Z,"25 km S of Hualien City, Taiwan",earthquake,3.93,4.062,0.057,96
2024-04-24T05:01:20.398Z,24.2207,121.9379,10,4.6,52,78,0.68,0.62,2024-07-02T22:12:25.040Z,"43 km NE of Hualien City, Taiwan",earthquake,3.04,1.845,0.066,22
2024-04-24T03:28:24.863Z,23.6927,121.6318,10,4.3,36,86,0.429,0.77,2024-07-02T22:12:42.040Z,"31 km S of Hualien City, Taiwan",earthquake,2.32,1.336,0.089,12
2024-04-24T01:53:56.456Z,23.946,121.6896,37.534,4.3,48,84,0.658,0.66,2024-07-02T22:12:43.040Z,"9 km ESE of Hualien City, Taiwan",earthquake,3.31,8.411,0.102,27
2024-04-24T01:46:41.045Z,23.9263,121.7222,10,4.1,21,77,0.659,0.97,2024-07-02T22:12:52.040Z,"13 km ESE of Hualien City, Taiwan",earthquake,2.21,1.889,0.174,9
2024-04-23T17:12:14.935Z,23.7521,121.5845,7.499,4,54,87,0.445,0.67,2024-07-02T22:12:54.040Z,"24 km S of Hualien City, Taiwan",earthquake,1.54,4.804,0.069,20
2024-04-23T16:02:21.045Z,24.0379,121.6973,7.397,4.5,132,44,0.694,0.62,2024-07-02T22:12:31.040Z,"11 km NE of Hualien City, Taiwan",earthquake,2.77,3.843,0.062,25
2024-04-23T12:40:51.678Z,23.7144,121.6564,10,4.2,70,38,0.46,0.76,2024-07-02T22:12:48.040Z,"29 km S of Hualien City, Taiwan",earthquake,4.61,1.874,0.083,14
2024-04-23T11:13:42.106Z,23.8485,121.6244,11.202,4.2,50,79,0.544,0.5,2024-07-02T22:12:48.040Z,"14 km S of Hualien City, Taiwan",earthquake,3.45,5.509,0.078,16
2024-04-23T05:08:05.965Z,23.7311,121.6128,10,4.7,36,88,0.444,1.06,2024-07-02T22:12:22.040Z,"27 km S of Hualien City, Taiwan",earthquake,4.88,1.895,0.087,40
2024-04-23T02:27:05.529Z,23.863,121.5598,13.519,4.5,35,85,0.527,0.71,2024-07-02T22:12:34.040Z,"13 km SSW of Hualien City, Taiwan",earthquake,2.49,4.681,0.128,18
2024-04-23T02:23:52.859Z,23.8775,121.5453,28.888,4.8,41,84,0.534,0.72,2024-07-02T22:12:21.040Z,"12 km SSW of Hualien City, Taiwan",earthquake,1.82,5.756,0.109,26
2024-04-23T02:20:59.665Z,23.8243,121.6339,10,5.1,93,63,0.529,0.71,2024-07-02T22:12:15.040Z,"17 km S of Hualien City, Taiwan",earthquake,1.27,1.759,0.089,12
2024-04-23T01:45:45.763Z,23.7806,121.5963,10,4.9,84,80,0.474,0.6,2024-07-02T22:12:18.040Z,"21 km S of Hualien City, Taiwan",earthquake,1.68,1.785,0.098,10
2024-04-23T01:22:43.489Z,23.844,121.5734,10,4.7,83,70,0.516,0.59,2024-07-02T22:12:22.040Z,"15 km SSW of Hualien City, Taiwan",earthquake,3.01,1.841,0.073,57
2024-04-23T01:19:33.257Z,23.821,121.5965,12.455,4.2,58,71,0.507,0.73,2024-07-02T22:12:48.040Z,"17 km S of Hualien City, Taiwan",earthquake,2.91,2.44,0.089,12
2024-04-23T00:55:29.656Z,23.827,121.6141,10.162,4.4,27,86,0.866,0.73,2024-07-02T22:12:39.040Z,"16 km S of Hualien City, Taiwan",earthquake,2.65,5.8,0.143,14
2024-04-23T00:16:29.198Z,23.8561,121.5915,20.575,4.7,53,94,0.535,0.87,2024-07-02T22:12:24.040Z,"13 km S of Hualien City, Taiwan",earthquake,4.5,4.632,0.099,31
2024-04-23T00:15:33.560Z,23.8531,121.6688,15.046,4.8,40,80,0.571,0.75,2024-07-02T22:12:21.040Z,"15 km SSE of Hualien City, Taiwan",earthquake,3.15,4.173,0.113,24
2024-04-23T00:11:02.519Z,23.8813,121.6078,16.257,5,89,70,0.564,0.49,2024-07-02T22:12:17.040Z,"10 km S of Hualien City, Taiwan",earthquake,3.91,4.102,0.072,62
2024-04-23T00:10:09.828Z,23.8754,121.5571,15.411,4.7,44,82,0.537,0.62,2024-07-02T22:12:23.040Z,"12 km SSW of Hualien City, Taiwan",earthquake,2.05,4.664,0.106,27
2024-04-23T00:04:05.246Z,23.7794,121.6664,12,5.8,275,24,0.513,0.72,2024-10-09T09:43:10.185Z,"22 km SSE of Hualien City, Taiwan",earthquake,3.04,1.663,0.065,23
2024-04-23T00:03:49.405Z,23.6965,121.6313,19.858,4.5,52,86,0.431,0.87,2024-07-02T22:12:32.040Z,"31 km S of Hualien City, Taiwan",earthquake,3.5,3.768,0.086,40
2024-04-22T23:38:44.783Z,23.8423,121.6289,12.673,4.4,41,83,0.541,0.77,2024-07-02T22:12:39.040Z,"15 km S of Hualien City, Taiwan",earthquake,4.05,4.33,0.108,25
2024-04-22T23:35:39.546Z,23.8217,121.5739,13.451,4.4,53,79,0.497,0.5,2024-07-02T22:12:36.040Z,"17 km S of Hualien City, Taiwan",earthquake,1.49,4.354,0.071,19
2024-04-22T23:17:08.570Z,23.9213,121.5707,9.607,4.2,26,84,0.58,0.44,2024-07-02T22:12:49.040Z,"7 km SSW of Hualien City, Taiwan",earthquake,1.69,5.338,0.136,15
2024-04-22T23:16:10.481Z,23.7435,121.5655,14.513,4.3,20,107,0.427,1.14,2024-07-02T22:12:47.040Z,"26 km S of Hualien City, Taiwan",earthquake,2.96,5.143,0.201,7
2024-04-22T23:02:43.633Z,23.7163,121.557,9.425,4.5,81,73,0.401,0.58,2024-07-02T22:12:30.040Z,"29 km S of Hualien City, Taiwan",earthquake,3.44,4.13,0.073,18
2024-04-22T22:26:19.863Z,23.7554,121.4764,16.394,4,53,84,0.397,0.53,2024-07-02T22:12:54.040Z,"27 km SSW of Hualien City, Taiwan",earthquake,3.05,3.859,0.069,20
2024-04-22T21:34:46.112Z,23.6898,121.5872,7.408,4.7,36,89,0.398,0.76,2024-07-02T22:12:23.040Z,"31 km S of Hualien City, Taiwan",earthquake,1.83,5.171,0.124,20
2024-04-22T21:31:38.398Z,23.777,121.6532,8.991,5.4,209,35,0.503,0.67,2024-10-09T09:49:08.640Z,"22 km SSE of Hualien City, Taiwan",earthquake,5.76,3.477,0.073,18
2024-04-22T21:26:22.109Z,23.7068,121.5604,10,4.6,30,115,0.395,0.61,2024-07-02T22:12:28.040Z,"30 km S of Hualien City, Taiwan",earthquake,2.51,1.911,0.126,19
2024-04-22T21:24:31.124Z,23.6968,121.6096,8.497,5.1,130,56,0.417,0.53,2024-07-02T22:12:15.040Z,"31 km S of Hualien City, Taiwan",earthquake,5.74,3.76,0.078,16
2024-04-22T21:19:35.721Z,23.7371,121.6109,9.426,5.3,183,44,0.448,0.48,2024-07-02T22:12:12.040Z,"26 km S of Hualien City, Taiwan",earthquake,4.56,3.87,0.063,24
2024-04-22T21:14:46.776Z,23.7256,121.5604,14.522,4.8,118,57,0.41,0.4,2024-07-02T22:12:20.040Z,"28 km S of Hualien City, Taiwan",earthquake,5.88,4.346,0.073,18
2024-04-22T21:11:00.803Z,23.7405,121.5902,11.637,4.9,81,73,0.439,0.62,2024-07-02T22:12:18.040Z,"26 km S of Hualien City, Taiwan",earthquake,3.91,2.782,0.078,16
2024-04-22T21:04:21.907Z,23.6611,121.592,5.83,5.4,223,35,0.38,0.63,2024-10-09T04:59:02.304Z,"35 km S of Hualien City, Taiwan",earthquake,5.92,3.197,0.061,26
2024-04-22T21:01:58.503Z,23.7112,121.5739,10.795,4.5,58,81,0.406,0.62,2024-07-02T22:12:33.040Z,"29 km S of Hualien City, Taiwan",earthquake,3.63,5.116,0.091,36
2024-04-22T20:52:56.381Z,23.774,121.5625,16.114,4.9,58,80,0.451,0.71,2024-07-02T22:12:19.040Z,"22 km S of Hualien City, Taiwan",earthquake,3.6,4.434,0.092,37
2024-04-22T20:49:57.856Z,23.6539,121.6164,17,5.5,115,67,0.392,0.67,2024-10-09T08:29:19.633Z,"35 km S of Hualien City, Taiwan",earthquake,3.79,1.757,0.052,36
2024-04-22T20:07:03.691Z,23.8402,121.5935,21.514,4.3,36,75,0.522,0.77,2024-07-02T22:12:44.040Z,"15 km S of Hualien City, Taiwan",earthquake,4.2,6.041,0.119,20
2024-04-22T20:03:06.819Z,23.7626,121.6869,8.839,5.2,78,81,0.513,0.48,2024-07-02T22:12:14.040Z,"25 km SSE of Hualien City, Taiwan",earthquake,3.26,1.93,0.043,180
2024-04-22T19:34:05.888Z,23.8144,121.5538,15.828,4.9,62,93,0.481,0.73,2024-07-02T22:12:18.040Z,"18 km SSW of Hualien City, Taiwan",earthquake,4.26,4.74,0.054,107
2024-04-22T19:32:01.688Z,23.7833,121.6348,8.548,4.5,43,81,0.497,0.72,2024-07-02T22:12:33.040Z,"21 km S of Hualien City, Taiwan",earthquake,2.78,3.447,0.078,49
2024-04-22T19:28:33.099Z,23.7498,121.509,16.307,4.9,66,80,0.405,0.54,2024-07-02T22:12:18.040Z,"26 km SSW of Hualien City, Taiwan",earthquake,3.44,2.797,0.052,118
2024-04-22T19:25:58.153Z,23.8644,121.6955,11.257,4.6,51,85,0.595,0.89,2024-07-02T22:12:28.040Z,"15 km SE of Hualien City, Taiwan",earthquake,3.15,4.78,0.068,65
2024-04-22T19:19:53.318Z,23.7865,121.6574,8.683,5,78,80,0.513,0.61,2024-07-02T22:12:17.040Z,"21 km SSE of Hualien City, Taiwan",earthquake,3.27,4.229,0.045,155
2024-04-22T19:13:40.398Z,23.8352,121.5874,11.772,4.6,56,79,0.515,0.66,2024-07-02T22:12:25.040Z,"15 km S of Hualien City, Taiwan",earthquake,3.21,4.303,0.068,64
2024-04-22T19:00:15.652Z,23.7966,121.6724,11.867,4.2,36,87,0.529,0.71,2024-07-02T22:12:49.040Z,"21 km SSE of Hualien City, Taiwan",earthquake,2.2,3.182,0.122,19
2024-04-22T18:44:22.698Z,23.8399,121.6026,12.745,4.3,29,99,0.526,0.85,2024-07-02T22:12:44.040Z,"15 km S of Hualien City, Taiwan",earthquake,2.68,4.794,0.154,12
2024-04-22T18:43:23.337Z,23.6958,121.5071,18.778,4.2,28,112,0.358,0.54,2024-07-02T22:12:49.040Z,"32 km SSW of Hualien City, Taiwan",earthquake,2.76,4.778,0.136,15
2024-04-22T18:39:45.339Z,23.7643,121.603,13.111,4.4,37,87,0.464,0.77,2024-07-02T22:12:37.040Z,"23 km S of Hualien City, Taiwan",earthquake,2.69,5.138,0.123,19
2024-04-22T18:32:48.439Z,23.8586,121.5662,10,6.1,120,22,0.526,0.65,2024-07-02T22:12:10.040Z,"13 km SSW of Hualien City, Taiwan",earthquake,2.83,1.821,0.065,23
2024-04-22T18:31:49.658Z,23.81,121.5981,13.015,4.5,21,132,0.499,0.63,2024-07-02T22:12:33.040Z,"18 km S of Hualien City, Taiwan",earthquake,2.15,4.687,0.171,10
2024-04-22T18:31:07.939Z,23.7283,121.6169,10,4.8,51,82,0.445,0.68,2024-07-02T22:12:21.040Z,"27 km S of Hualien City, Taiwan",earthquake,2.75,1.876,0.092,37
2024-04-22T18:26:52.852Z,23.7141,121.6599,9,6.1,119,35,0.462,0.76,2024-07-02T22:12:10.040Z,"29 km S of Hualien City, Taiwan",earthquake,2.91,1.823,0.059,28
2024-04-22T17:41:09.158Z,23.759,121.5045,10,4.3,31,87,0.411,0.56,2024-07-02T22:12:43.040Z,"26 km SSW of Hualien City, Taiwan",earthquake,2.68,1.915,0.132,16
2024-04-22T17:40:24.854Z,23.757,121.5757,13.842,4.4,49,81,0.444,0.76,2024-07-02T22:12:36.040Z,"24 km S of Hualien City, Taiwan",earthquake,2.79,4.322,0.075,17
2024-04-22T16:45:24.620Z,23.7696,121.6489,10,4,52,81,0.495,0.67,2024-07-02T22:12:54.040Z,"23 km S of Hualien City, Taiwan",earthquake,2.86,1.884,0.068,21
2024-04-22T16:33:04.851Z,23.8,121.6418,29.521,4.1,75,80,0.514,0.71,2024-07-02T22:12:51.040Z,"19 km S of Hualien City, Taiwan",earthquake,3.76,4.388,0.063,24
2024-04-22T16:06:30.739Z,23.7223,121.5746,8.641,4.5,49,85,0.415,0.85,2024-07-02T22:12:33.040Z,"28 km S of Hualien City, Taiwan",earthquake,2.16,5.133,0.104,27
2024-04-22T16:01:57.684Z,23.7037,121.6499,6.864,4.6,79,83,0.448,0.64,2024-07-02T22:12:28.040Z,"30 km S of Hualien City, Taiwan",earthquake,6.28,4.725,0.075,54
2024-04-22T16:01:26.693Z,23.7423,121.5726,7.732,4.4,96,95,0.43,0.77,2024-07-02T22:12:37.040Z,"26 km S of Hualien City, Taiwan",earthquake,3.71,4.543,0.068,21
2024-04-22T15:56:44.790Z,23.7402,121.5431,10.478,4.4,80,81,0.413,0.73,2024-07-02T22:12:37.040Z,"26 km SSW of Hualien City, Taiwan",earthquake,3.55,3.239,0.068,21
2024-04-22T14:20:09.372Z,23.716,121.618,8.222,5,63,82,0.436,0.96,2024-07-02T22:12:18.040Z,"28 km S of Hualien City, Taiwan",earthquake,2.79,4.53,0.057,97
2024-04-22T14:11:22.980Z,23.7259,121.5781,8,5.8,121,44,0.42,0.74,2024-10-09T12:01:11.975Z,"27 km S of Hualien City, Taiwan",earthquake,3.45,1.734,0.062,25
2024-04-22T13:42:57.748Z,23.7818,121.6115,14.471,4.5,77,66,0.483,0.74,2024-07-02T22:12:31.040Z,"21 km S of Hualien City, Taiwan",earthquake,3.12,3.272,0.068,21
2024-04-22T13:13:40.535Z,23.6479,121.554,10,5.1,139,74,0.347,0.69,2024-07-02T22:12:15.040Z,"36 km S of Hualien City, Taiwan",earthquake,4.83,1.774,0.071,19
2024-04-22T13:02:23.366Z,23.7424,121.5137,20.568,4.6,30,128,0.406,0.95,2024-07-02T22:12:28.040Z,"27 km SSW of Hualien City, Taiwan",earthquake,3.41,6.022,0.132,17
2024-04-22T13:00:42.776Z,23.6873,121.5815,7.028,4.5,73,80,0.393,0.7,2024-07-02T22:12:31.040Z,"32 km S of Hualien City, Taiwan",earthquake,3.49,4.195,0.068,21
2024-04-22T11:45:35.666Z,23.6672,121.573,10,5.1,62,80,0.373,1,2024-07-02T22:12:16.040Z,"34 km S of Hualien City, Taiwan",earthquake,3.34,1.806,0.051,144
2024-04-22T11:44:00.447Z,23.7275,121.5713,21.887,5,43,94,0.418,0.92,2024-07-02T22:12:17.040Z,"27 km S of Hualien City, Taiwan",earthquake,4.6,4.898,0.063,80
2024-04-22T11:36:39.022Z,23.7276,121.4683,10,4.4,52,98,0.369,0.72,2024-07-02T22:12:39.040Z,"30 km SSW of Hualien City, Taiwan",earthquake,6.06,1.895,0.086,39
2024-04-22T11:34:37.074Z,23.6047,121.6214,10,5.2,53,81,0.365,1.12,2024-07-02T22:12:14.040Z,"41 km S of Hualien City, Taiwan",earthquake,4.95,1.842,0.058,99
2024-04-22T11:34:28.666Z,23.6965,121.6096,10,4.7,115,85,0.417,0.91,2024-07-02T22:12:25.040Z,"31 km S of Hualien City, Taiwan",earthquake,7.45,1.858,0.071,89
2024-04-22T11:32:21.061Z,23.7438,121.4487,10,4.4,32,94,0.376,1.19,2024-07-02T22:12:39.040Z,"30 km SSW of Hualien City, Taiwan",earthquake,5.93,1.074,0.12,22
2024-04-22T11:27:50.022Z,23.7058,121.7675,10,4.5,53,95,6.662,0.83,2024-07-02T22:12:33.040Z,"34 km SSE of Hualien City, Taiwan",earthquake,8.11,1.867,0.088,39
2024-04-22T11:25:56.268Z,23.6617,121.5571,10,5,55,81,0.567,0.84,2024-07-02T22:12:17.040Z,"35 km S of Hualien City, Taiwan",earthquake,6.55,1.846,0.052,117
2024-04-22T11:25:14.156Z,23.5936,121.5741,10,4.8,69,72,0.324,0.98,2024-07-02T22:12:22.040Z,"42 km S of Hualien City, Taiwan",earthquake,3.62,1.49,0.048,135
2024-04-22T11:22:06.826Z,23.7178,121.6017,8.139,4.8,62,84,0.428,0.89,2024-07-02T22:12:21.040Z,"28 km S of Hualien City, Taiwan",earthquake,5.07,4.136,0.058,93
2024-04-22T11:13:11.313Z,23.7355,121.6162,10,5.1,74,65,0.45,0.93,2024-07-02T22:12:16.040Z,"26 km S of Hualien City, Taiwan",earthquake,3.99,1.436,0.044,169
2024-04-22T11:10:13.508Z,23.7036,121.5896,10,4.8,51,90,0.41,1.01,2024-07-02T22:12:22.040Z,"30 km S of Hualien City, Taiwan",earthquake,2.99,1.848,0.06,99
2024-04-22T10:55:24.204Z,23.7466,121.5724,10,4.6,38,72,0.434,0.7,2024-07-02T22:12:27.040Z,"25 km S of Hualien City, Taiwan",earthquake,2.15,1.814,0.151,16
2024-04-22T10:50:30.590Z,23.7053,121.6282,10,5.6,97,35,0.435,0.87,2024-10-09T07:40:26.744Z,"30 km S of Hualien City, Taiwan",earthquake,4.25,1.717,0.052,36
2024-04-22T10:49:06.722Z,23.7229,121.6381,10,5,53,73,0.454,1.27,2024-10-09T09:08:42.625Z,"28 km S of Hualien City, Taiwan",earthquake,3.57,1.626,0.088,41
2024-04-22T10:46:21.461Z,23.6225,121.6563,10,5.3,95,60,0.664,0.84,2024-07-02T22:12:13.040Z,"39 km S of Hualien City, Taiwan",earthquake,3.74,1.805,0.06,27
2024-04-22T10:46:10.703Z,23.7276,121.58,10,4.7,55,65,0.423,0.87,2024-07-02T22:12:25.040Z,"27 km S of Hualien City, Taiwan",earthquake,2.5,1.874,0.059,104
2024-04-22T10:08:06.832Z,23.7212,121.5745,10,4.1,43,81,0.415,0.92,2024-07-02T22:12:52.040Z,"28 km S of Hualien City, Taiwan",earthquake,3.51,1.812,0.08,15
2024-04-22T09:52:55.346Z,23.711,121.6326,17.783,4.8,81,80,0.442,0.91,2024-07-02T22:12:20.040Z,"29 km S of Hualien City, Taiwan",earthquake,3.04,4.017,0.071,19
2024-04-22T09:17:09.152Z,23.7054,121.6677,10,4.9,51,88,0.461,0.95,2024-07-02T22:12:19.040Z,"30 km SSE of Hualien City, Taiwan",earthquake,4.27,1.825,0.102,32
2024-04-22T09:16:01.385Z,23.8125,121.4665,27.828,5.2,66,79,0.47,1.01,2024-07-02T22:12:14.040Z,"23 km SW of Hualien City, Taiwan",earthquake,2.08,4.628,0.044,171
2024-04-22T09:12:10.590Z,23.808,121.5579,10,5.1,88,55,0.478,1.01,2024-07-02T22:12:16.040Z,"19 km SSW of Hualien City, Taiwan",earthquake,3.43,1.421,0.046,153
2024-04-22T09:08:39.851Z,23.6939,121.5925,16.265,5.2,106,56,0.404,0.82,2024-07-02T22:12:14.040Z,"31 km S of Hualien City, Taiwan",earthquake,3.99,2.123,0.058,29
2024-04-21T18:53:22.861Z,23.909,121.6167,25.424,4.3,72,70,0.592,0.89,2024-06-25T21:03:25.040Z,"7 km S of Hualien City, Taiwan",earthquake,3.46,4.885,0.069,20
2024-04-21T16:35:51.370Z,24.1634,121.6587,32.956,4.7,69,55,0.566,0.73,2024-06-25T21:03:23.040Z,"21 km NNE of Hualien City, Taiwan",earthquake,2.99,4.34,0.061,26
2024-04-21T09:54:19.794Z,23.96,121.7771,33.426,4.2,34,84,0.716,0.55,2024-06-25T21:03:22.040Z,"17 km E of Hualien City, Taiwan",earthquake,2.73,5.74,0.141,14
2024-04-21T03:07:18.959Z,24.1322,121.7049,38.627,4.1,61,79,0.613,0.95,2024-06-25T21:03:19.040Z,"20 km NNE of Hualien City, Taiwan",earthquake,3.71,5.224,0.069,20
2024-04-21T02:40:55.589Z,23.4701,121.631,28.583,5.1,88,64,0.316,1.01,2024-06-25T21:03:19.040Z,"56 km S of Hualien City, Taiwan",earthquake,4.89,1.824,0.086,13
2024-04-20T00:35:11.204Z,24.195,121.9198,16.639,4.4,53,80,0.685,0.52,2024-06-25T21:03:11.040Z,"40 km NE of Hualien City, Taiwan",earthquake,3.69,4.73,0.091,35
2024-04-19T14:25:52.541Z,24.3164,121.7612,26.082,4.2,48,75,0.497,0.72,2024-06-25T21:03:08.040Z,"40 km NNE of Hualien City, Taiwan",earthquake,2.79,4.977,0.075,17
2024-04-18T09:11:57.239Z,23.7095,121.8114,27.816,4.7,46,43,0.568,1.22,2024-06-25T21:02:29.040Z,"36 km SE of Hualien City, Taiwan",earthquake,3.69,3.774,0.104,28
2024-04-17T09:17:10.618Z,23.8715,121.7448,32.186,4.9,108,72,0.629,0.78,2024-06-25T21:02:54.040Z,"18 km SE of Hualien City, Taiwan",earthquake,3.44,4.05,0.093,11
2024-04-16T18:59:48.903Z,24.0589,121.7989,27.269,4.6,62,76,0.72,0.62,2024-06-25T21:02:50.040Z,"21 km ENE of Hualien City, Taiwan",earthquake,4.3,4.76,0.066,22
2024-04-15T18:47:44.262Z,24.0128,121.7621,38.395,4,30,82,0.743,0.62,2024-06-25T21:02:24.040Z,"16 km ENE of Hualien City, Taiwan",earthquake,3.39,7.102,0.06,27
2024-04-13T14:26:35.859Z,23.9735,121.5557,16.123,4.3,35,79,0.581,1.07,2024-06-17T02:15:24.040Z,"4 km W of Hualien City, Taiwan",earthquake,3.54,4.13,0.063,24
2024-04-13T12:38:48.495Z,23.6777,121.6125,10.199,4.3,80,83,0.405,0.77,2024-06-17T02:15:24.040Z,"33 km S of Hualien City, Taiwan",earthquake,2.73,4.761,0.063,24
2024-04-12T18:44:37.485Z,23.409,120.1613,10,4.6,45,82,0.444,1.16,2024-06-17T02:15:17.040Z,"30 km WSW of Pizitou, Taiwan",earthquake,3.16,1.8,0.068,21
2024-04-12T14:19:58.698Z,22.2514,121.6659,12.204,4.6,61,104,0.782,0.66,2024-06-17T02:15:16.040Z,"98 km ENE of Hengchun, Taiwan",earthquake,5.18,4.179,0.067,68
2024-04-10T16:55:12.547Z,24.1477,121.7763,16.962,4.5,57,74,0.635,0.65,2024-06-17T02:15:05.040Z,"25 km NE of Hualien City, Taiwan",earthquake,2.46,3.544,0.069,20
2024-04-10T11:22:58.845Z,24.0398,121.7828,27.129,4.2,43,76,0.729,0.61,2024-06-17T02:15:04.040Z,"19 km ENE of Hualien City, Taiwan",earthquake,2.69,5.765,0.062,25
2024-04-10T09:09:44.994Z,23.8729,121.6845,34.814,4.1,44,79,0.596,0.71,2024-06-17T02:15:03.040Z,"14 km SE of Hualien City, Taiwan",earthquake,3.35,5.307,0.065,23
2024-04-09T21:34:44.693Z,24.074,121.7277,20.41,4.3,47,75,0.674,0.62,2024-06-17T02:15:00.040Z,"16 km NE of Hualien City, Taiwan",earthquake,3.11,5.035,0.063,24
2024-04-09T02:17:00.191Z,24.0705,121.6547,10,4,17,80,0.648,0.64,2024-06-17T02:14:54.040Z,"11 km NNE of Hualien City, Taiwan",earthquake,2.08,1.886,0.258,4
2024-04-09T01:33:12.653Z,23.7339,121.5659,29.814,4.4,37,75,0.42,0.74,2024-06-17T02:14:54.040Z,"27 km S of Hualien City, Taiwan",earthquake,3.54,4.185,0.123,19
2024-04-08T23:26:14.707Z,24.1586,121.6838,35.818,4.1,39,56,0.581,0.52,2024-06-17T02:14:53.040Z,"21 km NNE of Hualien City, Taiwan",earthquake,3.44,1.628,0.06,27
2024-04-08T22:14:06.949Z,23.9542,121.7011,24.417,4.2,67,77,0.671,0.54,2024-06-17T02:14:53.040Z,"10 km ESE of Hualien City, Taiwan",earthquake,3.34,5.047,0.075,17
2024-04-08T18:02:37.198Z,23.8945,121.7042,36.827,4.8,84,71,0.624,0.69,2024-06-17T02:14:52.040Z,"13 km SE of Hualien City, Taiwan",earthquake,3.74,6.944,0.061,26
2024-04-08T08:45:07.651Z,23.9531,121.6388,36.54,4.4,61,81,0.64,0.71,2024-06-17T02:14:50.040Z,"4 km SE of Hualien City, Taiwan",earthquake,2.56,8.448,0.079,46
2024-04-08T05:09:34.200Z,24.1739,121.8555,29.992,4.6,141,64,0.659,0.38,2024-06-17T02:14:49.040Z,"33 km NE of Hualien City, Taiwan",earthquake,3.69,4.301,0.066,22
2024-04-07T22:49:30.435Z,24.2276,121.8501,37.544,4.6,92,62,0.617,0.54,2024-06-12T21:51:56.040Z,"37 km NE of Hualien City, Taiwan",earthquake,3.57,6.244,0.066,68
2024-04-07T19:58:41.174Z,23.8872,121.7073,40.883,4.1,50,85,0.62,0.67,2024-06-12T21:51:56.040Z,"14 km SE of Hualien City, Taiwan",earthquake,3.07,8,0.071,19
2024-04-07T10:24:38.426Z,24.067,121.6777,15.62,4.5,41,66,0.66,0.91,2024-06-12T21:51:56.040Z,"12 km NE of Hualien City, Taiwan",earthquake,2.11,5.079,0.11,24
2024-04-07T10:01:21.679Z,24.1331,122.018,36.772,4.9,122,29,0.792,0.55,2024-06-12T21:51:56.040Z,"45 km ENE of Hualien City, Taiwan",earthquake,2.19,5.146,0.083,14
2024-04-07T05:00:07.657Z,24.0197,121.7264,37.053,4.4,25,82,0.722,0.66,2024-06-12T21:52:00.040Z,"13 km ENE of Hualien City, Taiwan",earthquake,3.28,8.118,0.17,10
2024-04-07T04:43:13.407Z,23.9119,121.6329,24.734,3.9,30,53,0.602,0.71,2024-06-12T21:51:45.040Z,"7 km SSE of Hualien City, Taiwan",earthquake,3.96,5.423,0.066,22
2024-04-07T02:06:00.792Z,24.2268,121.7488,15.977,4.5,41,71,0.557,0.8,2024-06-12T21:51:56.040Z,"31 km NNE of Hualien City, Taiwan",earthquake,3.34,4.626,0.108,25
2024-04-06T21:15:08.953Z,24.008,121.7648,18.865,4.6,70,69,0.748,0.67,2024-06-12T21:51:56.040Z,"16 km ENE of Hualien City, Taiwan",earthquake,3.5,3.929,0.06,27
2024-04-06T15:53:12.455Z,24.2043,121.8332,33.808,4.8,121,40,0.623,0.65,2024-06-12T21:51:55.040Z,"34 km NE of Hualien City, Taiwan",earthquake,2.91,4.324,0.06,27
2024-04-06T15:43:08.940Z,24.2361,121.7536,17.403,4.3,39,117,0.552,0.76,2024-06-12T21:52:00.040Z,"32 km NNE of Hualien City, Taiwan",earthquake,3.03,4.057,0.119,20
2024-04-06T13:17:52.718Z,24.2112,121.7291,17.244,4.3,31,77,0.559,0.98,2024-06-12T21:51:55.040Z,"28 km NNE of Hualien City, Taiwan",earthquake,3.86,4.833,0.078,16
2024-04-06T10:47:12.076Z,23.86,121.6946,29.453,5.2,66,72,0.591,0.79,2024-06-12T21:51:55.040Z,"15 km SE of Hualien City, Taiwan",earthquake,3.59,3.595,0.057,30
2024-04-06T08:10:24.695Z,23.784,121.6221,7.924,4.1,37,81,0.491,0.71,2024-06-12T21:51:55.040Z,"21 km S of Hualien City, Taiwan",earthquake,2.81,5.092,0.073,18
2024-04-06T06:52:33.074Z,23.8323,121.6142,29.682,4,35,80,0.526,0.75,2024-06-12T21:52:00.040Z,"16 km S of Hualien City, Taiwan",earthquake,3.27,5.286,0.066,22
2024-04-06T06:02:19.022Z,23.9012,121.7862,22.398,4.3,46,87,0.676,0.54,2024-06-12T21:51:55.040Z,"20 km ESE of Hualien City, Taiwan",earthquake,4.06,3.63,0.065,23
2024-04-06T03:52:54.827Z,24.1544,121.7326,26.385,4.7,78,56,0.607,0.94,2024-06-12T21:51:55.040Z,"23 km NNE of Hualien City, Taiwan",earthquake,3.51,4.392,0.062,25
2024-04-06T03:50:21.766Z,24.1489,121.6714,20.254,3.8,29,79,0.584,0.7,2024-06-12T21:51:45.040Z,"20 km NNE of Hualien City, Taiwan",earthquake,3.39,2.144,0.075,17
2024-04-06T02:43:15.773Z,23.6679,122.0226,37.771,4.2,19,155,0.72,0.42,2024-06-12T21:52:00.040Z,"54 km SE of Hualien City, Taiwan",earthquake,3.18,11.975,0.186,8
2024-04-06T01:37:49.290Z,23.6327,122.0266,10,5,76,87,0.711,0.85,2024-06-12T21:51:55.040Z,"57 km SE of Hualien City, Taiwan",earthquake,4.27,1.831,0.047,146
2024-04-05T21:34:12.704Z,24.0131,121.6788,19.562,4,48,76,0.7,0.61,2024-06-12T21:51:54.040Z,"8 km ENE of Hualien City, Taiwan",earthquake,3.33,4.562,0.062,25
2024-04-05T20:26:26.119Z,23.8872,121.8259,21.638,4.9,199,36,0.691,0.6,2024-06-12T21:51:54.040Z,"24 km ESE of Hualien City, Taiwan",earthquake,2.44,3.819,0.083,14
2024-04-05T20:12:10.587Z,24.0916,121.7075,18.734,4.5,66,50,0.65,0.51,2024-06-12T21:51:54.040Z,"16 km NE of Hualien City, Taiwan",earthquake,1.68,4.156,0.088,43
2024-04-05T18:49:23.565Z,23.8825,121.9627,17.582,4.6,127,40,0.781,0.69,2024-06-12T21:51:54.040Z,"37 km ESE of Hualien City, Taiwan",earthquake,3.24,3.658,0.069,20
2024-04-05T16:22:28.336Z,24.0842,121.7784,10,4.2,25,75,0.689,0.89,2024-06-12T21:52:00.040Z,"21 km NE of Hualien City, Taiwan",earthquake,4.1,1.89,0.071,19
2024-04-05T15:00:36.463Z,24.1336,121.8445,8.048,4.9,49,73,0.684,0.86,2024-06-12T21:51:54.040Z,"29 km NE of Hualien City, Taiwan",earthquake,4.58,4.43,0.081,47
2024-04-05T12:59:12.558Z,24.2276,121.7354,28.654,4.3,34,77,0.549,0.93,2024-06-12T21:52:00.040Z,"30 km NNE of Hualien City, Taiwan",earthquake,3.44,4.063,0.168,10
2024-04-05T10:08:49.044Z,24.0382,121.686,18.764,3.8,24,123,0.689,0.41,2024-06-12T21:51:45.040Z,"10 km NE of Hualien City, Taiwan",earthquake,2.51,4.7,0.071,19
2024-04-05T09:04:57.136Z,23.9793,121.6487,27.455,4.3,78,76,0.664,0.81,2024-06-12T21:51:54.040Z,"4 km E of Hualien City, Taiwan",earthquake,3.13,3.516,0.068,21
2024-04-05T06:16:06.859Z,24.1304,121.6737,20.68,4,55,81,0.602,0.68,2024-06-12T21:51:59.040Z,"18 km NNE of Hualien City, Taiwan",earthquake,3.72,5.593,0.093,11
2024-04-05T06:12:47.647Z,23.8011,121.5992,10.708,4.7,133,71,0.492,0.7,2024-06-12T21:51:54.040Z,"19 km S of Hualien City, Taiwan",earthquake,2.36,4.682,0.065,23
2024-04-05T04:50:51.121Z,24.0787,121.684,20.304,5,81,58,0.652,0.72,2024-06-12T21:51:54.040Z,"13 km NE of Hualien City, Taiwan",earthquake,3.67,4.031,0.093,11
2024-04-05T04:40:55.008Z,24.1814,121.7574,27.702,4.3,52,73,0.598,0.61,2024-06-12T21:51:54.040Z,"27 km NE of Hualien City, Taiwan",earthquake,2.36,4.86,0.075,17
2024-04-04T19:55:30.310Z,23.7707,121.8886,18.658,4.4,38,89,0.66,0.69,2024-06-12T21:51:59.040Z,"36 km SE of Hualien City, Taiwan",earthquake,2.28,5.306,0.108,25
2024-04-04T18:42:37.113Z,24.2834,121.934,22.917,4.5,54,70,0.638,0.36,2024-06-12T21:51:54.040Z,"47 km NE of Hualien City, Taiwan",earthquake,2.63,5.385,0.088,38
2024-04-04T18:35:01.783Z,24.1458,121.6806,34.539,4.9,68,73,0.591,0.77,2024-06-12T21:51:54.040Z,"20 km NNE of Hualien City, Taiwan",earthquake,3.74,4.239,0.083,14
2024-04-04T17:24:51.194Z,24.2361,121.7469,20.481,4.4,56,63,0.548,0.53,2024-06-12T21:51:54.040Z,"32 km NNE of Hualien City, Taiwan",earthquake,3.55,4.422,0.065,23
2024-04-04T14:30:07.277Z,24.24,121.7809,24.978,4.8,63,54,0.565,0.91,2024-06-12T21:51:53.040Z,"34 km NNE of Hualien City, Taiwan",earthquake,3.04,5.246,0.086,13
2024-04-04T06:44:54.427Z,24.2365,121.873,24.859,4,23,77,0.625,0.91,2024-06-12T21:51:59.040Z,"39 km NE of Hualien City, Taiwan",earthquake,2.43,5.256,0.08,15
2024-04-04T05:16:57.223Z,24.1688,121.7554,32.261,4.4,38,78,0.607,0.71,2024-06-12T21:51:53.040Z,"26 km NE of Hualien City, Taiwan",earthquake,2.83,5.915,0.108,25
2024-04-04T05:00:30.740Z,24.2098,121.7837,27.771,4.5,79,78,0.59,0.61,2024-06-12T21:51:53.040Z,"31 km NE of Hualien City, Taiwan",earthquake,3.7,4.862,0.062,25
2024-04-04T04:11:48.938Z,24.2227,121.7039,31.168,4.4,41,77,0.536,0.9,2024-06-12T21:51:59.040Z,"29 km NNE of Hualien City, Taiwan",earthquake,3.42,5.512,0.12,20
2024-04-04T03:14:29.455Z,24.002,121.6789,36.928,4.1,29,76,0.697,0.47,2024-06-12T21:51:53.040Z,"8 km ENE of Hualien City, Taiwan",earthquake,2.37,7.4,0.068,21
2024-04-04T02:02:55.319Z,24.2176,121.8001,18.852,4.5,55,77,0.593,0.69,2024-06-12T21:51:53.040Z,"33 km NE of Hualien City, Taiwan",earthquake,3.06,4.061,0.058,29
2024-04-04T01:29:07.694Z,23.7474,121.5815,10.589,4.3,63,81,0.439,0.82,2024-06-12T21:51:53.040Z,"25 km S of Hualien City, Taiwan",earthquake,2.57,4.832,0.062,25
2024-04-04T00:32:40.955Z,24.2474,121.632,23.316,4.3,31,113,0.481,0.61,2024-06-12T21:51:59.040Z,"30 km N of Hualien City, Taiwan",earthquake,1.77,6.031,0.129,17
2024-04-04T00:18:09.785Z,24.2378,121.6806,29.008,4.2,26,77,0.512,0.99,2024-06-12T21:51:59.040Z,"29 km NNE of Hualien City, Taiwan",earthquake,3.17,4.149,0.187,8
2024-04-03T22:48:12.288Z,24.0452,121.7176,47.934,4.2,54,75,0.695,0.75,2024-06-12T21:51:58.040Z,"13 km ENE of Hualien City, Taiwan",earthquake,4.61,5.656,0.065,23
2024-04-03T22:46:35.721Z,23.9569,121.6906,42.985,4.3,56,77,0.668,0.64,2024-06-12T21:51:53.040Z,"9 km ESE of Hualien City, Taiwan",earthquake,2.92,7.658,0.094,32
2024-04-03T21:56:12.734Z,24.1938,121.6996,22.541,4.2,81,72,0.558,0.71,2024-06-12T21:51:53.040Z,"25 km NNE of Hualien City, Taiwan",earthquake,4.52,5.14,0.06,27
2024-04-03T20:29:19.365Z,24.27,121.7986,18.648,4.1,61,61,0.554,0.62,2024-06-12T21:51:53.040Z,"37 km NNE of Hualien City, Taiwan",earthquake,2.5,4.347,0.071,19
2024-04-03T19:46:52.700Z,23.7612,121.8012,20.372,4.5,101,83,0.59,0.8,2024-06-12T21:51:53.040Z,"31 km SE of Hualien City, Taiwan",earthquake,1.76,4.758,0.073,18
2024-04-03T19:07:25.523Z,23.9059,121.7144,36.409,4.3,49,82,0.638,0.74,2024-06-12T21:51:53.040Z,"13 km SE of Hualien City, Taiwan",earthquake,3.33,8.36,0.099,29
2024-04-03T18:29:47.827Z,23.7919,121.7943,19.696,4.9,184,57,0.605,0.63,2024-06-12T21:51:53.040Z,"28 km SE of Hualien City, Taiwan",earthquake,3.68,3.18,0.083,14
2024-04-03T17:39:11.729Z,23.8606,121.6324,21.744,4.2,89,71,0.558,0.75,2024-06-12T21:51:53.040Z,"13 km SSE of Hualien City, Taiwan",earthquake,4.17,5.075,0.066,22
2024-04-03T17:18:59.079Z,24.0434,121.795,31.395,4.1,72,79,0.731,0.72,2024-06-12T21:51:53.040Z,"20 km ENE of Hualien City, Taiwan",earthquake,2.67,5.044,0.068,21
2024-04-03T15:55:12.248Z,24.2049,121.6751,21.797,4.6,70,44,0.537,0.76,2024-06-12T21:51:53.040Z,"26 km NNE of Hualien City, Taiwan",earthquake,4.32,4.74,0.063,24
2024-04-03T15:54:39.253Z,24.1722,121.6483,25.002,4.5,110,31,0.554,0.65,2024-06-12T21:51:53.040Z,"22 km NNE of Hualien City, Taiwan",earthquake,3.45,5.102,0.06,92
2024-04-03T15:42:36.205Z,24.1496,121.6838,20.011,4.5,99,56,0.589,0.6,2024-06-12T21:51:53.040Z,"20 km NNE of Hualien City, Taiwan",earthquake,4.18,4.384,0.061,26
2024-04-03T15:39:10.017Z,24.136,121.6875,25.124,4.5,144,56,0.602,0.77,2024-06-12T21:51:53.040Z,"19 km NNE of Hualien City, Taiwan",earthquake,4.85,5.15,0.063,24
2024-04-03T15:30:00.725Z,23.8702,121.6892,38.527,4.4,32,65,0.596,0.73,2024-06-12T21:51:58.040Z,"14 km SE of Hualien City, Taiwan",earthquake,3.53,8.883,0.144,14
2024-04-03T15:01:41.092Z,24.2176,121.6971,24.248,4,35,71,0.537,0.86,2024-06-12T21:51:58.040Z,"28 km NNE of Hualien City, Taiwan",earthquake,2.04,4.834,0.066,22
2024-04-03T14:49:15.555Z,24.1328,121.8511,25.537,4.3,80,50,0.688,0.76,2024-06-12T21:51:53.040Z,"30 km NE of Hualien City, Taiwan",earthquake,1.81,5.152,0.062,25
2024-04-03T14:38:34.755Z,24.1456,121.6943,19.542,4.1,69,73,0.597,0.5,2024-06-12T21:51:53.040Z,"20 km NNE of Hualien City, Taiwan",earthquake,2.95,4.394,0.06,27
2024-04-03T13:41:21.522Z,23.8125,121.8381,35.049,4.2,28,88,0.649,0.6,2024-06-12T21:51:58.040Z,"29 km SE of Hualien City, Taiwan",earthquake,1.55,8.397,0.176,9
2024-04-03T13:32:00.020Z,24.0104,121.7682,35.821,4.3,29,83,0.747,0.79,2024-06-12T21:51:58.040Z,"17 km ENE of Hualien City, Taiwan",earthquake,2.5,9.659,0.168,10
2024-04-03T12:02:06.491Z,23.9759,121.6755,15.456,3.8,38,83,0.676,0.54,2024-06-12T21:51:45.040Z,"7 km E of Hualien City, Taiwan",earthquake,3.7,5.197,0.073,18
2024-04-03T11:51:35.780Z,23.9992,121.6406,26.224,3.9,38,79,0.663,1.06,2024-06-12T21:51:45.040Z,"4 km NE of Hualien City, Taiwan",earthquake,3.04,5.315,0.063,24
2024-04-03T10:56:37.589Z,23.9777,121.695,37.514,4.1,136,30,0.687,0.46,2024-06-12T21:51:53.040Z,"9 km E of Hualien City, Taiwan",earthquake,3.38,6.115,0.063,24
2024-04-03T10:38:55.444Z,24.1752,121.6545,33.924,4.2,48,64,0.554,0.64,2024-06-12T21:51:58.040Z,"22 km NNE of Hualien City, Taiwan",earthquake,3.12,5.517,0.065,23
2024-04-03T09:53:42.571Z,24.0497,121.7386,34.34,4,21,133,0.7,1.06,2024-06-12T21:51:58.040Z,"15 km ENE of Hualien City, Taiwan",earthquake,4.79,6.155,0.172,9
2024-04-03T09:53:09.378Z,23.9646,121.6974,34.772,4,36,80,0.677,0.64,2024-06-12T21:51:58.040Z,"9 km E of Hualien City, Taiwan",earthquake,4.51,5.088,0.08,15
2024-04-03T09:40:37.492Z,24.0385,121.6421,17.133,4.1,24,75,0.674,0.89,2024-06-12T21:51:58.040Z,"7 km NNE of Hualien City, Taiwan",earthquake,4.45,0.83,0.165,10
2024-04-03T09:20:08.753Z,23.955,121.7132,35.995,4.1,33,84,0.678,0.77,2024-06-12T21:51:58.040Z,"11 km ESE of Hualien City, Taiwan",earthquake,2.8,9.745,0.12,19
2024-04-03T09:15:01.310Z,23.8442,121.6153,26.199,4,57,83,0.536,0.42,2024-06-12T21:51:58.040Z,"14 km S of Hualien City, Taiwan",earthquake,2.97,5.338,0.089,12
2024-04-03T09:08:05.155Z,24.1294,121.6046,33.177,4.1,15,79,0.577,0.55,2024-06-12T21:51:58.040Z,"16 km N of Hualien City, Taiwan",earthquake,3.65,6.487,0.233,5
2024-04-03T08:56:29.517Z,24.0156,121.6404,20.14,4.2,94,63,0.668,0.75,2024-06-12T21:51:53.040Z,"5 km NE of Hualien City, Taiwan",earthquake,4.01,2.816,0.065,23
2024-04-03T08:38:01.172Z,23.7241,121.5348,22.426,4.3,69,73,0.396,0.72,2024-06-12T21:51:53.040Z,"28 km SSW of Hualien City, Taiwan",earthquake,3.37,4.389,0.065,23
2024-04-03T08:17:12.045Z,24.0137,121.6086,26.281,4.3,62,46,0.64,1.1,2024-06-12T21:51:53.040Z,"4 km N of Hualien City, Taiwan",earthquake,3.19,1.576,0.06,27
2024-04-03T08:09:47.487Z,23.697,121.5771,27.267,4.4,67,73,0.397,0.73,2024-06-12T21:51:58.040Z,"31 km S of Hualien City, Taiwan",earthquake,4.83,5.529,0.084,41
2024-04-03T07:31:18.706Z,24.1199,121.7895,36.522,4,33,80,0.665,0.55,2024-06-12T21:51:58.040Z,"24 km NE of Hualien City, Taiwan",earthquake,2.19,7.892,0.075,17
2024-04-03T07:16:57.082Z,23.7134,121.6451,10,4.3,24,86,0.452,0.83,2024-06-12T21:51:58.040Z,"29 km S of Hualien City, Taiwan",earthquake,3.52,1.34,0.189,11
2024-04-03T07:05:19.727Z,24.208,121.6492,21.102,4.2,40,99,0.523,0.79,2024-06-12T21:51:58.040Z,"25 km N of Hualien City, Taiwan",earthquake,4.51,2.49,0.08,15
2024-04-03T06:33:57.472Z,24.1177,121.9286,11.238,4.9,80,65,0.746,0.86,2024-06-12T21:51:52.040Z,"36 km ENE of Hualien City, Taiwan",earthquake,6.28,4.14,0.068,21
2024-04-03T06:31:33.452Z,23.8089,121.615,10.508,4.3,78,80,0.507,0.69,2024-06-12T21:51:52.040Z,"18 km S of Hualien City, Taiwan",earthquake,5.36,3.036,0.065,23
2024-04-03T06:10:06.606Z,24.073,121.7402,10,4.2,67,75,0.681,0.73,2024-06-12T21:51:52.040Z,"17 km NE of Hualien City, Taiwan",earthquake,4.45,1.839,0.086,13
2024-04-03T05:38:42.575Z,23.9069,121.5768,13.91,4.5,35,84,0.573,0.45,2024-06-12T21:51:58.040Z,"8 km SSW of Hualien City, Taiwan",earthquake,4.37,5.154,0.15,14
2024-04-03T05:33:21.992Z,24.2191,121.7811,18.56,4.5,38,77,0.581,1.02,2024-06-12T21:51:58.040Z,"32 km NE of Hualien City, Taiwan",earthquake,4,1.37,0.136,16
2024-04-03T05:28:04.325Z,24.0943,121.698,13.854,4.5,112,74,0.644,0.65,2024-06-12T21:51:58.040Z,"16 km NE of Hualien City, Taiwan",earthquake,5.1,4.148,0.075,17
2024-04-03T05:23:52.400Z,24.0801,121.7048,42.321,4.3,73,74,0.659,0.81,2024-06-12T21:51:52.040Z,"15 km NE of Hualien City, Taiwan",earthquake,3.58,6.005,0.098,10
2024-04-03T04:58:06.939Z,24.1779,121.6093,35,4.5,35,77,0.534,0.61,2024-06-12T21:51:59.040Z,"22 km N of Hualien City, Taiwan",earthquake,2.42,1.917,0.106,26
2024-04-03T04:56:47.181Z,24.285,121.7399,29.186,4.6,65,72,0.507,0.54,2024-06-12T21:51:57.040Z,"36 km NNE of Hualien City, Taiwan",earthquake,3.23,5.216,0.084,42
2024-04-03T04:36:10.809Z,24.0284,121.7173,32.802,4.7,70,52,0.71,0.57,2024-06-12T21:51:58.040Z,"12 km ENE of Hualien City, Taiwan",earthquake,2.7,5.182,0.086,48
2024-04-03T04:34:44.127Z,23.9954,121.668,45.326,4.8,72,53,0.685,0.58,2024-06-12T21:51:52.040Z,"6 km ENE of Hualien City, Taiwan",earthquake,3.76,6.355,0.063,24
2024-04-03T04:08:08.943Z,23.7009,121.7451,31.838,4.4,37,92,0.513,0.63,2024-06-12T21:51:52.040Z,"33 km SSE of Hualien City, Taiwan",earthquake,2.25,5.429,0.075,17
2024-04-03T03:57:17.840Z,23.7997,121.5444,29.509,4.9,74,80,0.465,0.61,2024-06-12T21:51:52.040Z,"20 km SSW of Hualien City, Taiwan",earthquake,3.84,4.811,0.061,26
2024-04-03T03:49:59.824Z,23.7819,121.7576,26.879,4.1,19,88,0.573,0.93,2024-06-12T21:51:58.040Z,"26 km SE of Hualien City, Taiwan",earthquake,3.33,4.3,0.213,6
2024-04-03T03:45:36.610Z,23.773,121.7518,26.108,4.8,53,85,0.563,0.56,2024-06-12T21:51:52.040Z,"27 km SSE of Hualien City, Taiwan",earthquake,2.5,4.735,0.078,16
2024-04-03T03:40:04.523Z,24.179,121.6236,36.09,4.5,35,65,0.538,1.03,2024-06-12T21:51:57.040Z,"22 km N of Hualien City, Taiwan",earthquake,3.48,8.501,0.113,23
2024-04-03T03:35:20.262Z,24.1808,121.8765,11.356,4.9,67,63,0.667,0.57,2024-06-12T21:51:52.040Z,"35 km NE of Hualien City, Taiwan",earthquake,2.31,3.354,0.06,27
2024-04-03T03:22:04.988Z,24.1673,121.5816,30.479,4.2,24,86,0.534,0.67,2024-06-12T21:51:58.040Z,"21 km N of Hualien City, Taiwan",earthquake,1.79,5.915,0.159,11
2024-04-03T03:20:54.461Z,24.1244,121.6638,35,4.7,58,73,0.603,0.57,2024-06-12T21:51:52.040Z,"17 km NNE of Hualien City, Taiwan",earthquake,3.03,1.847,0.049,126
2024-04-03T03:14:41.946Z,24.016,121.9082,35,4.5,42,83,0.812,0.55,2024-06-12T21:51:57.040Z,"31 km E of Hualien City, Taiwan",earthquake,3.75,1.902,0.111,24
2024-04-03T03:12:32.064Z,23.9644,121.4775,37.223,4,25,103,0.51,0.87,2024-06-12T21:51:57.040Z,"12 km W of Hualien City, Taiwan",earthquake,2.71,8.028,0.183,8
2024-04-03T03:11:43.450Z,24.1977,121.6198,35,4.4,31,77,0.52,0.85,2024-06-12T21:51:57.040Z,"24 km N of Hualien City, Taiwan",earthquake,1.73,1.926,0.134,16
2024-04-03T03:08:09.765Z,24.0606,121.8427,38.439,4.6,50,79,0.741,0.82,2024-06-12T21:51:58.040Z,"25 km ENE of Hualien City, Taiwan",earthquake,2.42,7.661,0.111,27
2024-04-03T03:02:34.533Z,23.801,121.6623,10,4.6,45,72,0.527,0.77,2024-06-12T21:51:58.040Z,"20 km SSE of Hualien City, Taiwan",earthquake,4.86,1.888,0.101,29
2024-04-03T03:01:40.761Z,24.219,121.7994,35,4.4,45,77,0.592,0.5,2024-06-12T21:51:57.040Z,"33 km NE of Hualien City, Taiwan",earthquake,4.1,1.914,0.108,25
2024-04-03T02:54:01.418Z,23.9869,121.71,37.881,4.6,37,89,0.702,0.5,2024-06-12T21:51:57.040Z,"10 km E of Hualien City, Taiwan",earthquake,3.11,8.489,0.122,20
2024-04-03T02:51:10.930Z,23.9734,121.5,35,4.2,27,79,0.533,0.79,2024-06-12T21:51:57.040Z,"10 km W of Hualien City, Taiwan",earthquake,2.99,1.74,0.141,14
2024-04-03T02:48:35.168Z,24.1723,121.9688,35,4.5,40,64,0.733,0.73,2024-06-12T21:51:57.040Z,"42 km ENE of Hualien City, Taiwan",earthquake,3.13,1.907,0.11,24
2024-04-03T02:46:32.088Z,23.8735,121.6377,35,4.5,37,78,0.572,1.22,2024-06-12T21:51:57.040Z,"11 km SSE of Hualien City, Taiwan",earthquake,2.84,1.912,0.121,20
2024-04-03T02:44:56.739Z,24.2721,121.9006,35,4.2,17,154,0.621,0.41,2024-06-12T21:51:58.040Z,"44 km NE of Hualien City, Taiwan",earthquake,3.52,1.908,0.187,8
2024-04-03T02:38:29.095Z,23.9281,121.5761,16.764,4.9,40,77,0.586,0.56,2024-06-12T21:51:52.040Z,"6 km SSW of Hualien City, Taiwan",earthquake,2.64,4.771,0.078,51
2024-04-03T02:28:16.568Z,24.1664,121.818,13.194,5.1,107,65,0.643,0.64,2024-06-12T21:51:52.040Z,"30 km NE of Hualien City, Taiwan",earthquake,3.49,3.479,0.075,17
2024-04-03T02:23:27.076Z,24.2305,121.6344,35.749,5,58,77,0.497,0.81,2024-06-12T21:51:57.040Z,"28 km N of Hualien City, Taiwan",earthquake,3.19,5.59,0.059,90
2024-04-03T02:14:36.488Z,24.1954,121.9338,41.798,5.7,131,24,0.694,0.78,2024-06-12T21:51:52.040Z,"41 km NE of Hualien City, Taiwan",earthquake,4.24,4.338,0.06,27
2024-04-03T02:13:38.794Z,24.1353,121.8025,10,4.7,51,77,0.659,0.35,2024-06-12T21:51:52.040Z,"26 km NE of Hualien City, Taiwan",earthquake,3.19,1.308,0.06,83
2024-04-03T02:08:42.935Z,23.8145,121.7676,35,4.5,37,73,0.602,0.64,2024-06-12T21:51:57.040Z,"24 km SE of Hualien City, Taiwan",earthquake,3.1,1.912,0.115,22
2024-04-03T02:07:07.238Z,23.7487,121.8359,30.116,4,24,73,0.608,0.74,2024-06-12T21:51:57.040Z,"34 km SE of Hualien City, Taiwan",earthquake,3.54,5.755,0.232,5
2024-04-03T01:59:11.108Z,23.7806,121.901,35,4.1,28,89,0.675,0.45,2024-06-12T21:51:57.040Z,"37 km SE of Hualien City, Taiwan",earthquake,2.71,1.904,0.198,7
2024-04-03T01:53:57.455Z,23.8817,121.5533,22.545,5.1,64,69,0.541,0.66,2024-06-12T21:51:52.040Z,"11 km SSW of Hualien City, Taiwan",earthquake,2.36,4.292,0.042,185
2024-04-03T01:51:23.037Z,23.7431,121.8308,35,4.9,33,89,0.601,0.51,2024-06-12T21:51:57.040Z,"34 km SE of Hualien City, Taiwan",earthquake,3.84,1.908,0.076,54
2024-04-03T01:49:38.775Z,23.8897,121.8988,10,5.1,68,63,0.741,0.61,2024-06-12T21:51:52.040Z,"31 km ESE of Hualien City, Taiwan",earthquake,2.79,1.798,0.044,171
2024-04-03T01:48:58.053Z,23.7316,121.8019,10,4.5,38,102,0.573,0.66,2024-06-12T21:51:58.040Z,"33 km SE of Hualien City, Taiwan",earthquake,2.43,1.855,0.104,27
2024-04-03T01:47:30.781Z,24.0293,121.7536,35,4.4,37,82,0.725,0.7,2024-06-12T21:51:57.040Z,"16 km ENE of Hualien City, Taiwan",earthquake,1.99,1.927,0.115,22
2024-04-03T01:41:14.834Z,23.3463,122.1012,22.496,4.8,43,70,0.74,0.65,2024-06-12T21:51:59.040Z,"86 km SE of Hualien City, Taiwan",earthquake,2.87,5.533,0.102,30
2024-04-03T01:39:47.928Z,23.7873,121.7835,26.363,5.7,63,67,0.595,0.62,2024-06-12T21:51:58.040Z,"27 km SE of Hualien City, Taiwan",earthquake,4.57,3.15,0.083,14
2024-04-03T01:39:35.045Z,23.7905,121.7975,16.869,5.3,99,41,0.606,0.69,2024-06-12T21:51:52.040Z,"28 km SE of Hualien City, Taiwan",earthquake,3.88,3.209,0.033,308
2024-04-03T01:33:27.287Z,24.0686,121.6821,35,4.4,39,83,0.66,0.4,2024-06-12T21:51:57.040Z,"12 km NE of Hualien City, Taiwan",earthquake,3.74,1.922,0.11,24
2024-04-03T01:30:54.311Z,24.2377,121.9049,37.27,4.4,42,61,0.646,0.98,2024-06-12T21:51:57.040Z,"42 km NE of Hualien City, Taiwan",earthquake,3.32,5.42,0.12,20
2024-04-03T01:21:41.142Z,24.0706,121.6693,27.072,4.2,30,85,0.654,0.84,2024-06-12T21:51:57.040Z,"12 km NNE of Hualien City, Taiwan",earthquake,3.45,1.857,0.187,8
2024-04-03T01:19:31.837Z,23.873,121.6499,6.723,5.1,79,73,0.577,0.71,2024-06-12T21:51:57.040Z,"12 km SSE of Hualien City, Taiwan",earthquake,3.35,4.426,0.075,57
2024-04-03T01:17:41.291Z,23.9694,121.6633,26.865,5,75,77,0.665,0.77,2024-06-12T21:51:52.040Z,"6 km E of Hualien City, Taiwan",earthquake,3.29,4.055,0.044,165
2024-04-03T01:15:29.465Z,23.6173,121.6986,35,4.2,27,87,0.431,0.66,2024-06-12T21:51:57.040Z,"40 km SSE of Hualien City, Taiwan",earthquake,4.12,1.917,0.167,10
2024-04-03T01:13:44.357Z,24.0776,121.7275,35,4.2,21,93,0.671,0.55,2024-06-12T21:51:59.040Z,"16 km NE of Hualien City, Taiwan",earthquake,2.57,1.943,0.176,9
2024-04-03T01:13:10.456Z,24.0162,121.7192,35,4.6,49,76,0.722,0.55,2024-06-12T21:51:57.040Z,"12 km ENE of Hualien City, Taiwan",earthquake,3.16,1.897,0.107,26
2024-04-03T01:09:37.061Z,24.174,121.766,10,5.2,197,63,0.608,0.63,2024-06-12T21:51:52.040Z,"27 km NE of Hualien City, Taiwan",earthquake,3.07,1.769,0.048,143
2024-04-03T01:09:28.121Z,24.0918,121.8568,35,4.5,39,96,6.41,0.32,2024-06-12T21:51:58.040Z,"28 km ENE of Hualien City, Taiwan",earthquake,9.1,1.897,0.121,20
2024-04-03T01:07:16.493Z,24.0671,121.7272,28.876,4.6,58,78,0.68,0.67,2024-06-12T21:51:58.040Z,"15 km NE of Hualien City, Taiwan",earthquake,2.88,2.468,0.109,25
2024-04-03T01:06:10.799Z,23.9305,121.6879,35,4.5,25,86,0.644,0.65,2024-06-12T21:51:57.040Z,"9 km ESE of Hualien City, Taiwan",earthquake,3.11,1.926,0.192,8
2024-04-03T01:01:12.630Z,24.077,121.5601,20.884,5,35,77,0.625,0.73,2024-06-12T21:51:57.040Z,"11 km NNW of Hualien City, Taiwan",earthquake,3.37,5.238,0.163,12
2024-04-03T00:54:09.210Z,23.8024,121.6157,35.37,4.5,27,87,0.502,0.72,2024-06-12T21:51:57.040Z,"19 km S of Hualien City, Taiwan",earthquake,1.34,8.691,0.156,12
2024-04-03T00:50:46.898Z,23.7725,121.5952,27.179,5.2,92,71,0.467,0.8,2024-06-12T21:51:52.040Z,"22 km S of Hualien City, Taiwan",earthquake,8.19,4.131,0.071,67
2024-04-03T00:50:03.795Z,23.791,121.6614,34.298,4.3,25,101,0.519,0.85,2024-06-12T21:51:59.040Z,"21 km SSE of Hualien City, Taiwan",earthquake,3.42,3.478,0.161,11
2024-04-03T00:46:44.732Z,24.1702,121.7273,14.297,5.6,135,27,0.591,0.72,2024-06-12T21:51:52.040Z,"24 km NNE of Hualien City, Taiwan",earthquake,4.4,3.437,0.11,8
2024-04-03T00:43:55.100Z,23.9995,121.5898,10.789,5.3,109,52,0.619,0.7,2024-06-12T21:51:51.040Z,"2 km NNW of Hualien City, Taiwan",earthquake,3.77,4.569,0.063,84
2024-04-03T00:42:44.700Z,23.8191,121.852,36.437,4.2,20,88,0.663,0.55,2024-06-12T21:51:57.040Z,"30 km SE of Hualien City, Taiwan",earthquake,3.73,9.149,0.199,7
2024-04-03T00:41:05.404Z,23.9965,121.5924,37.038,4.5,19,93,0.62,0.9,2024-06-12T21:51:58.040Z,"2 km NNW of Hualien City, Taiwan",earthquake,2.94,9.713,0.221,6
2024-04-03T00:39:42.975Z,24.2493,121.6542,30.42,4.5,18,68,0.489,0.85,2024-06-12T21:51:58.040Z,"30 km N of Hualien City, Taiwan",earthquake,2.96,4.531,0.204,7
2024-04-03T00:35:36.982Z,24.1511,121.6993,15.864,5.6,115,49,0.594,0.69,2024-06-12T21:51:51.040Z,"21 km NNE of Hualien City, Taiwan",earthquake,3.29,3.182,0.062,93
2024-04-03T00:31:12.301Z,23.9926,121.7893,23.2,5,35,90,0.749,0.91,2024-06-12T21:51:57.040Z,"18 km E of Hualien City, Taiwan",earthquake,4.45,6.024,0.137,17
2024-04-03T00:30:58.257Z,23.9647,121.7918,28.742,4.9,43,78,0.728,0.96,2024-06-12T21:51:58.040Z,"19 km E of Hualien City, Taiwan",earthquake,4.45,5.699,0.162,12
2024-04-03T00:27:01.869Z,23.8097,121.6207,25.364,4.8,37,80,0.51,1.02,2024-06-12T21:51:57.040Z,"18 km S of Hualien City, Taiwan",earthquake,3.47,5.577,0.16,12
2024-04-03T00:25:18.309Z,24.0642,121.4552,18.631,4.3,27,109,0.535,0.74,2024-06-12T21:51:57.040Z,"17 km WNW of Hualien City, Taiwan",earthquake,3.12,0.918,0.239,5
2024-04-03T00:21:01.518Z,24.1526,121.7366,35,4.7,30,79,0.611,1.13,2024-06-12T21:51:57.040Z,"23 km NE of Hualien City, Taiwan",earthquake,2.98,1.934,0.184,9
2024-04-03T00:17:37.240Z,24.0049,121.7509,38.611,5.2,58,67,0.738,0.8,2024-06-12T21:51:57.040Z,"15 km ENE of Hualien City, Taiwan",earthquake,4,7.242,0.099,34
2024-04-03T00:17:16.083Z,24.0059,121.8453,35,5.1,25,69,0.787,0.85,2024-06-12T21:51:59.040Z,"24 km E of Hualien City, Taiwan",earthquake,2.65,1.944,0.172,11
2024-04-03T00:16:25.441Z,23.8113,121.4056,36.322,4.8,24,129,0.414,0.97,2024-06-12T21:51:58.040Z,"27 km SW of Hualien City, Taiwan",earthquake,3.34,7.085,0.185,9
2024-04-03T00:15:33.177Z,24.1761,121.8081,33.347,4.8,21,131,0.63,0.67,2024-06-12T21:51:58.040Z,"30 km NE of Hualien City, Taiwan",earthquake,2.5,6.344,0.227,6
2024-04-03T00:11:25.266Z,24.1021,121.6812,13.931,6.4,183,50,0.63,0.77,2024-06-12T21:51:51.040Z,"15 km NNE of Hualien City, Taiwan",earthquake,3.79,3.485,0.062,25
2024-04-03T00:09:31.012Z,24.1741,121.7374,32.25,5,24,66,0.593,0.72,2024-06-12T21:51:58.040Z,"25 km NNE of Hualien City, Taiwan",earthquake,3.16,5.587,0.189,9
2024-04-02T23:58:12.173Z,23.8356,121.5976,40,7.4,322,17,0.337,0.93,2024-11-01T05:37:58.318Z,"15 km S of Hualien City, Taiwan",earthquake,4.73,1.877,0.027,133
2024-04-02T19:26:34.847Z,23.4096,120.2986,22.636,4.2,20,86,0.323,0.71,2024-06-12T21:51:51.040Z,"17 km WSW of Pizitou, Taiwan",earthquake,2.5,6.486,0.068,21
2024-03-29T11:11:18.227Z,22.7624,121.4249,10.963,3.9,27,106,0.323,0.48,2024-06-01T21:55:46.040Z,"105 km ENE of Donggang, Taiwan",earthquake,2.5,5.001,0.089,12
2024-03-25T10:13:35.857Z,23.9397,121.6613,43.862,4.1,52,78,0.241,0.69,2024-06-01T21:55:46.040Z,"7 km SE of Hualien City, Taiwan",earthquake,4.3,6.043,0.075,17
2024-03-21T10:49:52.046Z,24.0588,121.5441,24.281,4.7,77,74,0.124,0.73,2024-05-27T14:19:20.040Z,"10 km NW of Hualien City, Taiwan",earthquake,3.08,4.117,0.11,8
2024-03-19T11:20:28.395Z,23.7635,121.8192,19.486,4.6,109,73,0.457,0.68,2024-05-27T14:19:19.040Z,"32 km SE of Hualien City, Taiwan",earthquake,4.48,4.326,0.078,16
2024-03-17T07:31:38.884Z,24.8184,122.0402,105.842,4.3,27,52,0.517,0.58,2024-05-18T21:24:20.040Z,"29 km ENE of Yilan, Taiwan",earthquake,4.22,3.633,0.178,9
2024-03-13T13:52:38.405Z,24.3753,121.9776,28.261,3.7,14,74,0.403,0.52,2024-05-18T21:22:40.040Z,"48 km SSE of Yilan, Taiwan",earthquake,4.35,3.037,0.083,14
2024-03-13T13:36:54.545Z,24.3601,121.9352,36.36,4.1,51,74,0.362,0.62,2024-05-18T21:22:40.040Z,"47 km SSE of Yilan, Taiwan",earthquake,3.13,5.748,0.068,21
2024-03-11T10:54:14.330Z,23.1538,121.5839,10,4.3,39,98,0.355,1.01,2024-05-18T21:23:08.040Z,"91 km S of Hualien City, Taiwan",earthquake,3.36,1.5,0.161,15
2024-02-29T05:26:27.466Z,23.4973,120.2222,17.492,4.4,45,45,0.422,0.58,2024-05-10T21:25:55.040Z,"22 km W of Pizitou, Taiwan",earthquake,3.59,2.771,0.071,19
2024-02-26T05:55:20.784Z,24.9737,122.3698,10,4.3,81,39,0.771,0.4,2024-05-10T21:26:00.040Z,"55 km ESE of Jiufen, Taiwan",earthquake,2.98,1.849,0.086,13
2024-02-25T13:48:32.901Z,24.7957,122.0753,7.575,4.9,61,59,0.554,0.73,2024-05-02T15:50:14.040Z,"32 km E of Yilan, Taiwan",earthquake,3.2,4.169,0.066,22
2024-02-24T04:37:06.647Z,23.5824,121.7236,10,4.9,52,105,0.435,0.86,2024-05-02T15:50:14.040Z,"45 km SSE of Hualien City, Taiwan",earthquake,2,1.856,0.055,107
2024-02-19T23:48:22.604Z,24.8275,122.092,6.342,4.2,20,73,0.559,0.27,2024-05-02T15:50:13.040Z,"35 km ENE of Yilan, Taiwan",earthquake,2.57,5.172,0.215,6
2024-02-12T23:58:08.827Z,23.6757,121.3181,7.944,4.4,40,67,0.283,0.53,2024-04-24T14:42:04.040Z,"44 km SW of Hualien City, Taiwan",earthquake,1.71,4.484,0.117,21
2024-02-05T00:59:42.647Z,23.6466,121.3057,3.636,4.3,23,82,0.253,0.52,2024-04-20T19:32:47.040Z,"47 km SW of Hualien City, Taiwan",earthquake,0.81,5.541,0.16,11
2024-02-02T10:10:26.096Z,23.48,120.1986,10,4.4,45,73,0.434,0.66,2024-04-13T19:34:57.040Z,"25 km W of Pizitou, Taiwan",earthquake,2.2,1.865,0.12,20
2024-01-28T18:11:55.276Z,23.6302,121.3397,7.388,4.9,56,88,0.24,0.44,2024-03-30T22:35:28.040Z,"46 km SW of Hualien City, Taiwan",earthquake,4.58,5.087,0.089,40
2024-01-28T18:11:23.160Z,23.6212,121.3245,7.2,5.1,89,82,0.229,0.61,2024-03-30T22:34:50.040Z,"48 km SW of Hualien City, Taiwan",earthquake,3.53,3.541,0.071,19
2024-01-03T01:43:32.673Z,23.5964,121.5279,25.874,4,38,132,0.293,0.56,2024-03-09T21:38:52.040Z,"42 km S of Hualien City, Taiwan",earthquake,3.75,1.314,0.071,19
2023-12-23T21:21:16.807Z,22.5969,121.3905,17.741,4.2,32,132,0.361,0.55,2024-02-27T22:57:06.040Z,"93 km NE of Hengchun, Taiwan",earthquake,4.32,3.735,0.058,29
2023-12-23T21:07:50.868Z,22.6197,121.4195,19.191,4.2,38,93,0.37,0.55,2024-02-27T22:57:06.040Z,"97 km NE of Hengchun, Taiwan",earthquake,5.19,3.806,0.059,28
2023-12-23T02:32:33.655Z,24.2214,122.1953,54.234,4.5,38,75,0.55,0.39,2024-02-27T22:56:57.040Z,"65 km ENE of Hualien City, Taiwan",earthquake,3.45,5.532,0.116,22
2023-12-22T02:02:09.290Z,24.7008,122.141,10,4.5,31,68,0.645,0.6,2024-02-27T22:56:57.040Z,"39 km E of Yilan, Taiwan",earthquake,4.01,1.891,0.128,19
2023-12-01T22:27:29.446Z,23.3061,121.4821,27.877,4.3,93,97,0.19,0.67,2024-02-06T21:53:57.040Z,"75 km S of Hualien City, Taiwan",earthquake,5.14,4.697,0.061,26
2023-11-23T04:26:26.461Z,23.122,121.5761,39.249,4.2,36,93,0.372,0.8,2024-02-01T15:13:45.040Z,"94 km S of Hualien City, Taiwan",earthquake,3.24,4.859,0.071,19
2023-11-16T21:00:27.075Z,22.0346,121.7017,10,4.4,33,142,0.969,0.63,2024-01-26T16:37:53.040Z,"98 km E of Hengchun, Taiwan",earthquake,3.6,1.866,0.17,10
2023-11-10T16:54:39.641Z,23.403,121.5996,34.076,4.9,108,81,0.278,0.81,2024-01-13T23:11:19.040Z,"63 km S of Hualien City, Taiwan",earthquake,3.17,4.03,0.083,14
2023-10-31T12:33:53.645Z,23.2163,121.6257,42.68,4.3,66,83,0.349,0.43,2024-01-10T06:01:24.040Z,"84 km S of Hualien City, Taiwan",earthquake,3.78,2.991,0.068,21
2023-10-28T02:16:08.559Z,22.4214,121.3951,10,4.4,36,142,0.49,0.75,2024-01-04T04:22:31.040Z,"81 km NE of Hengchun, Taiwan",earthquake,3.47,1.858,0.138,15
2023-10-23T13:19:20.147Z,22.9863,121.3723,17.261,4.4,104,73,0.318,0.71,2024-01-04T04:21:58.040Z,"94 km E of Yujing, Taiwan",earthquake,4.75,2.598,0.063,24
2023-10-14T14:04:04.643Z,23.9616,122.3314,10,4.9,56,81,0.706,0.91,2023-12-16T22:13:09.040Z,"74 km E of Hualien City, Taiwan",earthquake,4.21,1.873,0.058,94
2023-10-14T08:05:13.354Z,23.9747,122.3233,25.536,4.3,69,81,0.695,0.51,2023-12-16T22:13:09.040Z,"73 km E of Hualien City, Taiwan",earthquake,4.94,5.842,0.068,21
2023-10-14T07:56:03.884Z,24.0161,122.2878,31.568,4.5,48,70,0.653,0.73,2023-12-16T22:13:10.040Z,"69 km E of Hualien City, Taiwan",earthquake,3.43,5.866,0.103,28
2023-10-14T07:53:30.155Z,23.9848,122.2738,20.448,4.9,94,71,0.649,0.58,2023-12-16T22:13:09.040Z,"68 km E of Hualien City, Taiwan",earthquake,4.76,4.59,0.083,14
2023-10-12T12:16:29.169Z,22.8103,120.5315,17.13,4.7,49,70,0.496,0.72,2023-12-16T22:13:07.040Z,"31 km NE of Kaohsiung, Taiwan",earthquake,5.04,2.689,0.089,38
2023-10-11T10:36:56.840Z,23.2664,121.3166,16.025,5.2,93,88,0.127,0.67,2023-12-16T22:13:07.040Z,"78 km SE of Lugu, Taiwan",earthquake,3.81,3.571,0.098,10
2023-10-05T08:53:14.463Z,23.9703,122.3813,21.445,4.3,62,72,0.747,0.43,2023-12-14T21:26:53.040Z,"79 km E of Hualien City, Taiwan",earthquake,4.75,4.919,0.058,29
2023-09-20T14:45:24.308Z,23.2283,121.5783,10,4.4,14,124,0.306,0.48,2023-12-02T23:01:12.040Z,"82 km S of Hualien City, Taiwan",earthquake,2.45,1.926,0.241,6
2023-09-15T10:34:24.578Z,23.9823,121.8132,18.716,4.3,104,46,0.276,0.5,2023-11-18T22:29:34.040Z,"21 km E of Hualien City, Taiwan",earthquake,5.53,3.97,0.071,19
2023-09-05T09:30:40.715Z,23.5353,120.3047,11.597,4.9,111,55,0.379,0.49,2023-11-17T19:47:49.040Z,"15 km WNW of Pizitou, Taiwan",earthquake,5.12,4.102,0.086,13
2023-09-05T03:13:50.138Z,22.2503,120.9688,10,4.5,51,81,1.091,0.82,2023-11-17T19:47:49.040Z,"35 km NE of Hengchun, Taiwan",earthquake,3.19,1.856,0.108,27
2023-09-04T13:56:55.096Z,22.2841,119.8579,11.54,4.6,37,191,1.237,0.86,2023-11-17T19:47:51.040Z,"59 km SW of Kaohsiung, Taiwan",earthquake,8.49,4.633,0.125,19
2023-08-24T05:39:24.840Z,24.7114,121.9942,78.336,4.2,22,53,0.522,0.38,2023-10-28T19:15:36.040Z,"24 km ESE of Yilan, Taiwan",earthquake,4.05,2.428,0.152,13
2023-08-20T07:10:41.912Z,23.4521,121.5413,37.745,4.3,24,87,0.232,0.72,2023-10-28T19:15:32.040Z,"58 km S of Hualien City, Taiwan",earthquake,4.89,4.962,0.168,12
2023-08-15T17:09:17.711Z,24.1481,121.6459,31.363,4.6,87,63,0.575,0.99,2024-01-18T20:43:00.217Z,"19 km NNE of Hualien City, Taiwan",earthquake,2.93,4.477,0.07,67
2023-08-10T02:02:17.160Z,24.7727,121.9694,96.916,4.3,36,95,0.55,0.67,2023-10-17T22:01:29.040Z,"21 km E of Yilan, Taiwan",earthquake,6.8,5.898,0.143,14
2023-08-08T10:38:12.592Z,23.2401,121.627,34.334,4.4,40,84,0.339,0.7,2023-10-17T22:01:27.040Z,"81 km S of Hualien City, Taiwan",earthquake,3.58,4.788,0.107,25
2023-08-04T12:25:19.299Z,22.0076,121.5985,10,4.8,62,114,0.938,0.45,2023-10-07T21:38:57.040Z,Taiwan region,earthquake,6.96,1.875,0.06,87
2023-07-11T11:42:06.939Z,24.0338,121.5466,21.007,3,11,118,0.146,0.33,2023-09-16T19:16:09.040Z,"8 km NW of Hualien City, Taiwan",earthquake,3.72,10.565,0.081,20
2023-07-09T22:11:32.549Z,24.0184,121.5484,23.068,4.6,164,48,0.16,0.52,2023-09-16T19:16:07.040Z,"7 km NW of Hualien City, Taiwan",earthquake,4.19,1.896,0.058,29
2023-07-09T08:16:35.669Z,22.0287,121.6809,10,4.6,40,114,0.962,0.57,2023-09-16T19:16:06.040Z,"96 km E of Hengchun, Taiwan",earthquake,7.33,1.898,0.109,31
2023-07-09T07:52:53.451Z,22.1269,121.6188,10,4.6,51,115,0.849,0.59,2023-09-16T19:16:06.040Z,"91 km E of Hengchun, Taiwan",earthquake,6.05,1.891,0.082,45
2023-07-09T03:31:59.738Z,22.1437,121.6782,10,4.7,50,213,0.87,0.94,2023-09-16T19:16:06.040Z,"97 km E of Hengchun, Taiwan",earthquake,6.26,1.902,0.075,53
2023-07-09T02:05:00.781Z,22.2033,121.7041,10,4,19,260,0.841,0.78,2023-09-16T19:16:18.040Z,Taiwan region,earthquake,8.73,1.95,0.232,5
2023-07-08T20:26:32.898Z,22.0705,121.6728,10,4.9,67,105,0.924,0.97,2023-09-09T21:55:01.040Z,"96 km E of Hengchun, Taiwan",earthquake,5.28,1.864,0.089,39
2023-07-06T18:03:55.442Z,23.1066,121.2292,15.077,4.3,49,91,0.291,0.77,2023-09-09T21:54:52.040Z,"78 km E of Yujing, Taiwan",earthquake,3.51,4.387,0.107,25
2023-06-29T21:14:12.710Z,23.9049,122.2653,10,4.2,21,90,0.669,0.57,2023-09-08T14:18:37.040Z,"67 km E of Hualien City, Taiwan",earthquake,4.38,1.901,0.176,9
2023-06-22T20:13:45.136Z,23.6961,122.0055,20.356,4.3,51,89,0.606,0.64,2023-08-26T20:54:27.040Z,Taiwan region,earthquake,3.46,5.303,0.091,34
2023-06-22T06:04:05.905Z,23.826,121.7792,20.664,4.4,27,113,0.385,0.52,2023-08-26T20:54:26.040Z,"24 km SE of Hualien City, Taiwan",earthquake,4.17,6.594,0.126,18
2023-06-14T23:58:58.361Z,23.5585,121.5178,33.019,4.3,42,85,0.261,0.77,2023-08-21T04:18:56.040Z,Taiwan,earthquake,2.27,5.362,0.138,15
2023-06-10T09:12:34.074Z,22.8318,120.6059,21.189,4.7,65,80,0.438,0.67,2024-01-18T20:15:45.349Z,"35 km SSE of Yujing, Taiwan",earthquake,4.61,4.902,0.059,28
2023-06-10T05:31:54.874Z,22.8409,120.6558,26.564,4.9,143,70,0.392,0.72,2023-08-12T17:15:15.040Z,"37 km SSE of Yujing, Taiwan",earthquake,5.17,5.144,0.061,26
2023-06-02T09:48:44.295Z,24.2328,122.1031,43.708,4.3,42,71,0.468,0.55,2023-08-05T22:07:47.040Z,"58 km ENE of Hualien City, Taiwan",earthquake,3.4,5.618,0.125,18
2023-05-31T10:48:02.839Z,22.3165,121.232,31.36,4.4,25,118,0.518,1.02,2023-08-05T22:07:59.040Z,"61 km NE of Hengchun, Taiwan",earthquake,5.83,6.548,0.179,9
2023-05-12T17:30:21.293Z,23.1661,121.443,29.709,4.5,70,102,0.262,0.77,2023-07-22T19:17:09.040Z,"91 km S of Hualien City, Taiwan",earthquake,3.87,4.367,0.08,55
2023-05-04T15:38:19.945Z,23.4239,121.3467,15.123,4.6,125,49,0.055,0.77,2023-07-15T22:09:39.040Z,"66 km SSW of Hualien City, Taiwan",earthquake,5.12,3.79,0.063,24
2023-04-25T19:10:24.508Z,24.8559,122.2195,115.26,4.2,50,74,0.666,0.68,2023-07-11T01:45:35.040Z,"47 km SE of Jiufen, Taiwan",earthquake,5.55,5.148,0.112,27
2023-04-21T11:44:44.228Z,23.4677,121.4852,32.428,4.1,37,102,0.188,0.59,2023-07-03T02:46:50.040Z,"57 km SSW of Hualien City, Taiwan",earthquake,3.54,5.419,0.071,19
2023-04-16T03:26:56.288Z,23.7599,121.4085,14.172,4.1,22,131,0.38,0.55,2024-01-18T19:47:48.777Z,"31 km SW of Hualien City, Taiwan",earthquake,1.99,5.093,0.214,6
2023-04-08T12:14:49.967Z,23.439,121.4717,31.337,4.4,26,96,0.167,0.68,2023-06-13T03:12:23.040Z,"61 km SSW of Hualien City, Taiwan",earthquake,4.64,4.537,0.134,16
2023-04-07T10:36:28.030Z,23.0729,121.4685,10,4.3,103,90,0.355,0.37,2023-06-13T03:12:33.040Z,"101 km S of Hualien City, Taiwan",earthquake,5.17,1.845,0.073,18
2023-03-30T20:15:52.442Z,22.2207,121.5548,11.722,4.5,62,115,0.739,0.68,2023-06-03T22:06:09.040Z,"87 km ENE of Hengchun, Taiwan",earthquake,5.51,4.333,0.081,45
2023-03-24T10:04:18.645Z,23.6457,121.3108,10,4.2,39,94,0.252,0.46,2023-05-26T21:54:15.040Z,"47 km SW of Hualien City, Taiwan",earthquake,2.01,1.889,0.132,16
2023-03-22T21:51:04.091Z,23.6547,121.3288,7.202,4.4,56,81,0.263,0.42,2023-05-26T21:54:12.040Z,"45 km SW of Hualien City, Taiwan",earthquake,2.32,4.282,0.1,29
2023-03-22T15:43:05.421Z,23.6272,121.3779,5.869,4.5,62,95,0.245,0.47,2023-05-26T21:54:12.040Z,"45 km SSW of Hualien City, Taiwan",earthquake,2.24,4.749,0.09,36
2023-03-21T01:45:20.639Z,23.6144,121.365,8.327,5.2,76,52,0.229,0.74,2023-05-26T21:54:09.040Z,"46 km SSW of Hualien City, Taiwan",earthquake,3.6,4.224,0.051,37
2023-03-13T00:11:51.612Z,24.8128,122.0317,6.613,4.2,22,87,0.511,0.51,2023-05-20T23:20:33.040Z,"28 km ENE of Yilan, Taiwan",earthquake,2.83,5.723,0.215,6
2023-03-03T17:57:30.148Z,23.9839,122.2408,21.787,4.4,113,95,0.62,0.77,2023-05-08T02:00:37.040Z,"64 km E of Hualien City, Taiwan",earthquake,3.41,4.277,0.061,26
2023-03-03T14:48:44.198Z,24.8605,121.9198,111.635,4.4,60,45,0.4,0.52,2023-05-08T02:00:36.040Z,Taiwan,earthquake,5.75,4.762,0.083,42
2023-03-02T16:48:59.274Z,24.5077,121.8587,7.189,4.4,87,52,0.411,0.67,2023-05-08T02:00:22.040Z,"29 km SSE of Yilan, Taiwan",earthquake,2.46,1.446,0.077,58
2023-02-25T16:03:17.437Z,22.5275,121.4044,10,4.6,34,101,0.416,1.08,2023-04-29T21:57:38.040Z,"89 km NE of Hengchun, Taiwan",earthquake,4.9,1.864,0.122,20
2023-02-22T21:18:44.223Z,23.9695,121.7576,11.421,4.4,46,83,0.252,0.46,2023-04-29T21:57:27.040Z,"15 km E of Hualien City, Taiwan",earthquake,2.55,4.186,0.106,26
2023-02-21T11:01:36.025Z,23.4,121.955,10,4.2,57,55,0.604,0.61,2023-04-29T21:57:21.040Z,"73 km SSE of Hualien City, Taiwan",earthquake,3.92,1.873,0.078,16
2023-02-18T15:49:09.168Z,23.693,120.7125,19.786,4.5,41,68,0.24,0.83,2023-04-22T21:33:19.040Z,"7 km SW of Lugu, Taiwan",earthquake,4.17,4.518,0.118,21
2023-02-17T01:22:50.287Z,23.9454,121.4889,18.014,4.7,34,93,0.247,0.92,2023-04-22T21:33:14.040Z,"12 km WSW of Hualien City, Taiwan",earthquake,2.45,4.344,0.087,41
2023-02-11T11:35:48.278Z,23.3969,121.6211,35.037,4.7,80,97,0.298,0.47,2023-04-15T21:39:57.040Z,"64 km S of Hualien City, Taiwan",earthquake,3.65,5.309,0.065,72
2023-02-08T10:49:59.600Z,23.3686,121.6164,32.526,4.8,113,40,0.294,0.7,2023-04-15T21:39:47.040Z,"67 km S of Hualien City, Taiwan",earthquake,2.8,4.789,0.06,27
2023-02-08T04:18:39.560Z,23.7502,122.0522,44.844,4.3,24,102,0.594,0.77,2023-04-15T21:40:08.040Z,"52 km ESE of Hualien City, Taiwan",earthquake,1.77,8.358,0.188,8
2023-02-06T20:20:15.847Z,24.2348,121.8534,20.266,4.8,78,98,0.244,0.83,2023-04-15T21:39:40.040Z,"38 km NE of Hualien City, Taiwan",earthquake,4.45,3.372,0.057,96
2023-01-16T14:02:58.753Z,23.9367,122.3511,24.153,4.3,72,97,0.731,0.64,2023-03-31T19:44:38.040Z,"76 km E of Hualien City, Taiwan",earthquake,4.1,1.441,0.063,24
2023-01-13T15:02:37.525Z,23.9729,122.3377,32.749,4.9,44,96,0.708,1.02,2023-03-20T06:03:36.040Z,"74 km E of Hualien City, Taiwan",earthquake,4.8,5.411,0.086,42
2023-01-11T04:42:08.951Z,23.2218,121.4519,27.466,4.2,44,107,0.222,0.61,2023-03-20T06:03:55.040Z,"85 km S of Hualien City, Taiwan",earthquake,2.66,4.419,0.06,27
2023-01-09T11:31:48.911Z,23.4009,121.3485,17.169,4.2,28,96,0.048,0.73,2023-03-20T06:03:06.040Z,"68 km SSW of Hualien City, Taiwan",earthquake,2.01,2.514,0.066,22
2023-01-07T11:21:26.471Z,23.5553,121.3817,17.452,4.2,25,104,0.18,0.74,2023-03-11T22:51:44.040Z,"51 km SSW of Hualien City, Taiwan",earthquake,2.14,2.038,0.063,24
2023-01-05T18:02:53.211Z,24.8617,122.0513,10,4.3,28,85,0.515,0.75,2023-03-11T22:51:41.040Z,"32 km ENE of Yilan, Taiwan",earthquake,2.29,1.897,0.188,8
2023-01-05T17:11:36.795Z,24.8739,122.0714,6.473,4.4,37,74,0.531,0.74,2023-03-11T22:51:41.040Z,Taiwan region,earthquake,2.38,2.497,0.143,16
2023-01-05T04:59:27.918Z,23.2178,121.5972,39.669,4.2,46,98,0.326,0.88,2023-03-11T22:51:40.040Z,Taiwan,earthquake,4.13,6.192,0.065,23
2023-01-05T02:10:34.424Z,24.8692,122.0854,10,3.8,10,161,0.544,0.6,2023-03-11T22:51:27.040Z,"35 km ENE of Yilan, Taiwan",earthquake,1.9,1.976,0.08,15
2023-01-02T06:29:12.522Z,24.0154,121.7126,29.844,4.5,23,91,0.191,0.32,2023-03-11T22:51:47.040Z,"11 km ENE of Hualien City, Taiwan",earthquake,3.02,6.114,0.242,5